TMO_AN,TMO_VS,TMO_EN,TMO_BG,TMO_CB,TMO_VB,Dop_AN,Dop_EN,Dop_AR,Dop_MF,FE
22,4,1.54,3.2,-0.29,2.91,26,1.83,1.26,0.01,0.6149
22,4,1.54,3.2,-0.29,2.91,26,1.83,1.26,0.015,0.6553
22,4,1.54,3.2,-0.29,2.91,26,1.83,1.26,0.02,0.6845
22,4,1.54,3.2,-0.29,2.91,26,1.83,1.26,0.025,0.7099
22,4,1.54,3.2,-0.29,2.91,26,1.83,1.26,0.03,0.7323
22,4,1.54,3.2,-0.29,2.91,26,1.83,1.26,0.035,0.7505
22,4,1.54,3.2,-0.29,2.91,26,1.83,1.26,0.04,0.7651
22,4,1.54,3.2,-0.29,2.91,26,1.83,1.26,0.045,0.7779
22,4,1.54,3.2,-0.29,2.91,26,1.83,1.26,0.05,0.7883
22,4,1.54,3.2,-0.29,2.91,26,1.83,1.26,0.055,0.796
22,4,1.54,3.2,-0.29,2.91,26,1.83,1.26,0.06,0.8021
22,4,1.54,3.2,-0.29,2.91,26,1.83,1.26,0.065,0.8068
22,4,1.54,3.2,-0.29,2.91,26,1.83,1.26,0.07,0.8104
22,4,1.54,3.2,-0.29,2.91,26,1.83,1.26,0.075,0.8131
22,4,1.54,3.2,-0.29,2.91,26,1.83,1.26,0.08,0.8155
22,4,1.54,3.2,-0.29,2.91,26,1.83,1.26,0.085,0.8177
22,4,1.54,3.2,-0.29,2.91,26,1.83,1.26,0.09,0.8196
22,4,1.54,3.2,-0.29,2.91,26,1.83,1.26,0.095,0.8214
22,4,1.54,3.2,-0.29,2.91,26,1.83,1.26,0.1,0.8228
22,4,1.54,3.2,-0.29,2.91,27,1.88,1.25,0.01,0.6234
22,4,1.54,3.2,-0.29,2.91,27,1.88,1.25,0.015,0.6621
22,4,1.54,3.2,-0.29,2.91,27,1.88,1.25,0.02,0.6941
22,4,1.54,3.2,-0.29,2.91,27,1.88,1.25,0.025,0.7206
22,4,1.54,3.2,-0.29,2.91,27,1.88,1.25,0.03,0.7428
22,4,1.54,3.2,-0.29,2.91,27,1.88,1.25,0.035,0.7612
22,4,1.54,3.2,-0.29,2.91,27,1.88,1.25,0.04,0.7754
22,4,1.54,3.2,-0.29,2.91,27,1.88,1.25,0.045,0.7874
22,4,1.54,3.2,-0.29,2.91,27,1.88,1.25,0.05,0.7969
22,4,1.54,3.2,-0.29,2.91,27,1.88,1.25,0.055,0.8042
22,4,1.54,3.2,-0.29,2.91,27,1.88,1.25,0.06,0.8096
22,4,1.54,3.2,-0.29,2.91,27,1.88,1.25,0.065,0.8141
22,4,1.54,3.2,-0.29,2.91,27,1.88,1.25,0.07,0.8178
22,4,1.54,3.2,-0.29,2.91,27,1.88,1.25,0.075,0.8207
22,4,1.54,3.2,-0.29,2.91,27,1.88,1.25,0.08,0.8229
22,4,1.54,3.2,-0.29,2.91,27,1.88,1.25,0.085,0.8249
22,4,1.54,3.2,-0.29,2.91,27,1.88,1.25,0.09,0.8269
22,4,1.54,3.2,-0.29,2.91,27,1.88,1.25,0.095,0.8288
22,4,1.54,3.2,-0.29,2.91,27,1.88,1.25,0.1,0.8306
22,4,1.54,3.2,-0.29,2.91,28,1.91,1.24,0.01,0.6313
22,4,1.54,3.2,-0.29,2.91,28,1.91,1.24,0.015,0.6708
22,4,1.54,3.2,-0.29,2.91,28,1.91,1.24,0.02,0.7033
22,4,1.54,3.2,-0.29,2.91,28,1.91,1.24,0.025,0.7299
22,4,1.54,3.2,-0.29,2.91,28,1.91,1.24,0.03,0.7518
22,4,1.54,3.2,-0.29,2.91,28,1.91,1.24,0.035,0.7703
22,4,1.54,3.2,-0.29,2.91,28,1.91,1.24,0.04,0.784
22,4,1.54,3.2,-0.29,2.91,28,1.91,1.24,0.045,0.7943
22,4,1.54,3.2,-0.29,2.91,28,1.91,1.24,0.05,0.8032
22,4,1.54,3.2,-0.29,2.91,28,1.91,1.24,0.055,0.8101
22,4,1.54,3.2,-0.29,2.91,28,1.91,1.24,0.06,0.8152
22,4,1.54,3.2,-0.29,2.91,28,1.91,1.24,0.065,0.8196
22,4,1.54,3.2,-0.29,2.91,28,1.91,1.24,0.07,0.8236
22,4,1.54,3.2,-0.29,2.91,28,1.91,1.24,0.075,0.8272
22,4,1.54,3.2,-0.29,2.91,28,1.91,1.24,0.08,0.8298
22,4,1.54,3.2,-0.29,2.91,28,1.91,1.24,0.085,0.8319
22,4,1.54,3.2,-0.29,2.91,28,1.91,1.24,0.09,0.8337
22,4,1.54,3.2,-0.29,2.91,28,1.91,1.24,0.095,0.8354
22,4,1.54,3.2,-0.29,2.91,28,1.91,1.24,0.1,0.8369
22,4,1.54,3.2,-0.29,2.91,29,1.9,1.28,0.01,0.6402
22,4,1.54,3.2,-0.29,2.91,29,1.9,1.28,0.015,0.6798
22,4,1.54,3.2,-0.29,2.91,29,1.9,1.28,0.02,0.7125
22,4,1.54,3.2,-0.29,2.91,29,1.9,1.28,0.025,0.7389
22,4,1.54,3.2,-0.29,2.91,29,1.9,1.28,0.03,0.7601
22,4,1.54,3.2,-0.29,2.91,29,1.9,1.28,0.035,0.7764
22,4,1.54,3.2,-0.29,2.91,29,1.9,1.28,0.04,0.7893
22,4,1.54,3.2,-0.29,2.91,29,1.9,1.28,0.045,0.8
22,4,1.54,3.2,-0.29,2.91,29,1.9,1.28,0.05,0.8083
22,4,1.54,3.2,-0.29,2.91,29,1.9,1.28,0.055,0.815
22,4,1.54,3.2,-0.29,2.91,29,1.9,1.28,0.06,0.82
22,4,1.54,3.2,-0.29,2.91,29,1.9,1.28,0.065,0.8244
22,4,1.54,3.2,-0.29,2.91,29,1.9,1.28,0.07,0.8282
22,4,1.54,3.2,-0.29,2.91,29,1.9,1.28,0.075,0.8317
22,4,1.54,3.2,-0.29,2.91,29,1.9,1.28,0.08,0.8348
22,4,1.54,3.2,-0.29,2.91,29,1.9,1.28,0.085,0.8371
22,4,1.54,3.2,-0.29,2.91,29,1.9,1.28,0.09,0.8389
22,4,1.54,3.2,-0.29,2.91,29,1.9,1.28,0.095,0.8405
22,4,1.54,3.2,-0.29,2.91,29,1.9,1.28,0.1,0.8419
22,4,1.54,3.2,-0.29,2.91,30,1.65,1.34,0.01,0.6486
22,4,1.54,3.2,-0.29,2.91,30,1.65,1.34,0.015,0.6888
22,4,1.54,3.2,-0.29,2.91,30,1.65,1.34,0.02,0.7205
22,4,1.54,3.2,-0.29,2.91,30,1.65,1.34,0.025,0.7465
22,4,1.54,3.2,-0.29,2.91,30,1.65,1.34,0.03,0.7663
22,4,1.54,3.2,-0.29,2.91,30,1.65,1.34,0.035,0.7815
22,4,1.54,3.2,-0.29,2.91,30,1.65,1.34,0.04,0.7938
22,4,1.54,3.2,-0.29,2.91,30,1.65,1.34,0.045,0.8044
22,4,1.54,3.2,-0.29,2.91,30,1.65,1.34,0.05,0.8128
22,4,1.54,3.2,-0.29,2.91,30,1.65,1.34,0.055,0.8194
22,4,1.54,3.2,-0.29,2.91,30,1.65,1.34,0.06,0.8243
22,4,1.54,3.2,-0.29,2.91,30,1.65,1.34,0.065,0.8286
22,4,1.54,3.2,-0.29,2.91,30,1.65,1.34,0.07,0.8322
22,4,1.54,3.2,-0.29,2.91,30,1.65,1.34,0.075,0.8355
22,4,1.54,3.2,-0.29,2.91,30,1.65,1.34,0.08,0.8385
22,4,1.54,3.2,-0.29,2.91,30,1.65,1.34,0.085,0.8409
22,4,1.54,3.2,-0.29,2.91,30,1.65,1.34,0.09,0.8428
22,4,1.54,3.2,-0.29,2.91,30,1.65,1.34,0.095,0.8444
22,4,1.54,3.2,-0.29,2.91,30,1.65,1.34,0.1,0.8458
22,4,1.54,3.2,-0.29,2.91,44,2.2,1.34,0.01,0.7072
22,4,1.54,3.2,-0.29,2.91,44,2.2,1.34,0.015,0.7412
22,4,1.54,3.2,-0.29,2.91,44,2.2,1.34,0.02,0.7659
22,4,1.54,3.2,-0.29,2.91,44,2.2,1.34,0.025,0.7856
22,4,1.54,3.2,-0.29,2.91,44,2.2,1.34,0.03,0.7993
22,4,1.54,3.2,-0.29,2.91,44,2.2,1.34,0.035,0.81
22,4,1.54,3.2,-0.29,2.91,44,2.2,1.34,0.04,0.8191
22,4,1.54,3.2,-0.29,2.91,44,2.2,1.34,0.045,0.8278
22,4,1.54,3.2,-0.29,2.91,44,2.2,1.34,0.05,0.8361
22,4,1.54,3.2,-0.29,2.91,44,2.2,1.34,0.055,0.8433
22,4,1.54,3.2,-0.29,2.91,44,2.2,1.34,0.06,0.8492
22,4,1.54,3.2,-0.29,2.91,44,2.2,1.34,0.065,0.8544
22,4,1.54,3.2,-0.29,2.91,44,2.2,1.34,0.07,0.8581
22,4,1.54,3.2,-0.29,2.91,44,2.2,1.34,0.075,0.8612
22,4,1.54,3.2,-0.29,2.91,44,2.2,1.34,0.08,0.8641
22,4,1.54,3.2,-0.29,2.91,44,2.2,1.34,0.085,0.8665
22,4,1.54,3.2,-0.29,2.91,44,2.2,1.34,0.09,0.8687
22,4,1.54,3.2,-0.29,2.91,44,2.2,1.34,0.095,0.8706
22,4,1.54,3.2,-0.29,2.91,44,2.2,1.34,0.1,0.8722
22,4,1.54,3.2,-0.29,2.91,47,1.93,1.44,0.01,0.7114
22,4,1.54,3.2,-0.29,2.91,47,1.93,1.44,0.015,0.7448
22,4,1.54,3.2,-0.29,2.91,47,1.93,1.44,0.02,0.7693
22,4,1.54,3.2,-0.29,2.91,47,1.93,1.44,0.025,0.7881
22,4,1.54,3.2,-0.29,2.91,47,1.93,1.44,0.03,0.8016
22,4,1.54,3.2,-0.29,2.91,47,1.93,1.44,0.035,0.8123
22,4,1.54,3.2,-0.29,2.91,47,1.93,1.44,0.04,0.8217
22,4,1.54,3.2,-0.29,2.91,47,1.93,1.44,0.045,0.8301
22,4,1.54,3.2,-0.29,2.91,47,1.93,1.44,0.05,0.8383
22,4,1.54,3.2,-0.29,2.91,47,1.93,1.44,0.055,0.8451
22,4,1.54,3.2,-0.29,2.91,47,1.93,1.44,0.06,0.851
22,4,1.54,3.2,-0.29,2.91,47,1.93,1.44,0.065,0.856
22,4,1.54,3.2,-0.29,2.91,47,1.93,1.44,0.07,0.8598
22,4,1.54,3.2,-0.29,2.91,47,1.93,1.44,0.075,0.8631
22,4,1.54,3.2,-0.29,2.91,47,1.93,1.44,0.08,0.8661
22,4,1.54,3.2,-0.29,2.91,47,1.93,1.44,0.085,0.8688
22,4,1.54,3.2,-0.29,2.91,47,1.93,1.44,0.09,0.871
22,4,1.54,3.2,-0.29,2.91,47,1.93,1.44,0.095,0.8729
22,4,1.54,3.2,-0.29,2.91,47,1.93,1.44,0.1,0.8747
23,5,1.63,2.8,0.2,3,26,1.83,1.26,0.01,0.4858
23,5,1.63,2.8,0.2,3,26,1.83,1.26,0.015,0.525
23,5,1.63,2.8,0.2,3,26,1.83,1.26,0.02,0.5574
23,5,1.63,2.8,0.2,3,26,1.83,1.26,0.025,0.5874
23,5,1.63,2.8,0.2,3,26,1.83,1.26,0.03,0.6139
23,5,1.63,2.8,0.2,3,26,1.83,1.26,0.035,0.6372
23,5,1.63,2.8,0.2,3,26,1.83,1.26,0.04,0.6551
23,5,1.63,2.8,0.2,3,26,1.83,1.26,0.045,0.6695
23,5,1.63,2.8,0.2,3,26,1.83,1.26,0.05,0.6818
23,5,1.63,2.8,0.2,3,26,1.83,1.26,0.055,0.6928
23,5,1.63,2.8,0.2,3,26,1.83,1.26,0.06,0.7022
23,5,1.63,2.8,0.2,3,26,1.83,1.26,0.065,0.7093
23,5,1.63,2.8,0.2,3,26,1.83,1.26,0.07,0.7151
23,5,1.63,2.8,0.2,3,26,1.83,1.26,0.075,0.7197
23,5,1.63,2.8,0.2,3,26,1.83,1.26,0.08,0.7237
23,5,1.63,2.8,0.2,3,26,1.83,1.26,0.085,0.7272
23,5,1.63,2.8,0.2,3,26,1.83,1.26,0.09,0.7305
23,5,1.63,2.8,0.2,3,26,1.83,1.26,0.095,0.7334
23,5,1.63,2.8,0.2,3,26,1.83,1.26,0.1,0.7359
23,5,1.63,2.8,0.2,3,27,1.88,1.25,0.01,0.491
23,5,1.63,2.8,0.2,3,27,1.88,1.25,0.015,0.5302
23,5,1.63,2.8,0.2,3,27,1.88,1.25,0.02,0.565
23,5,1.63,2.8,0.2,3,27,1.88,1.25,0.025,0.5977
23,5,1.63,2.8,0.2,3,27,1.88,1.25,0.03,0.6251
23,5,1.63,2.8,0.2,3,27,1.88,1.25,0.035,0.6478
23,5,1.63,2.8,0.2,3,27,1.88,1.25,0.04,0.6663
23,5,1.63,2.8,0.2,3,27,1.88,1.25,0.045,0.6804
23,5,1.63,2.8,0.2,3,27,1.88,1.25,0.05,0.6919
23,5,1.63,2.8,0.2,3,27,1.88,1.25,0.055,0.7026
23,5,1.63,2.8,0.2,3,27,1.88,1.25,0.06,0.7114
23,5,1.63,2.8,0.2,3,27,1.88,1.25,0.065,0.7188
23,5,1.63,2.8,0.2,3,27,1.88,1.25,0.07,0.7244
23,5,1.63,2.8,0.2,3,27,1.88,1.25,0.075,0.7293
23,5,1.63,2.8,0.2,3,27,1.88,1.25,0.08,0.7334
23,5,1.63,2.8,0.2,3,27,1.88,1.25,0.085,0.7369
23,5,1.63,2.8,0.2,3,27,1.88,1.25,0.09,0.7399
23,5,1.63,2.8,0.2,3,27,1.88,1.25,0.095,0.7424
23,5,1.63,2.8,0.2,3,27,1.88,1.25,0.1,0.7446
23,5,1.63,2.8,0.2,3,28,1.91,1.24,0.01,0.4967
23,5,1.63,2.8,0.2,3,28,1.91,1.24,0.015,0.5372
23,5,1.63,2.8,0.2,3,28,1.91,1.24,0.02,0.574
23,5,1.63,2.8,0.2,3,28,1.91,1.24,0.025,0.6062
23,5,1.63,2.8,0.2,3,28,1.91,1.24,0.03,0.6346
23,5,1.63,2.8,0.2,3,28,1.91,1.24,0.035,0.6582
23,5,1.63,2.8,0.2,3,28,1.91,1.24,0.04,0.6756
23,5,1.63,2.8,0.2,3,28,1.91,1.24,0.045,0.6896
23,5,1.63,2.8,0.2,3,28,1.91,1.24,0.05,0.7015
23,5,1.63,2.8,0.2,3,28,1.91,1.24,0.055,0.7113
23,5,1.63,2.8,0.2,3,28,1.91,1.24,0.06,0.7199
23,5,1.63,2.8,0.2,3,28,1.91,1.24,0.065,0.7274
23,5,1.63,2.8,0.2,3,28,1.91,1.24,0.07,0.7334
23,5,1.63,2.8,0.2,3,28,1.91,1.24,0.075,0.7378
23,5,1.63,2.8,0.2,3,28,1.91,1.24,0.08,0.7415
23,5,1.63,2.8,0.2,3,28,1.91,1.24,0.085,0.7448
23,5,1.63,2.8,0.2,3,28,1.91,1.24,0.09,0.7479
23,5,1.63,2.8,0.2,3,28,1.91,1.24,0.095,0.7506
23,5,1.63,2.8,0.2,3,28,1.91,1.24,0.1,0.753
23,5,1.63,2.8,0.2,3,29,1.9,1.28,0.01,0.5038
23,5,1.63,2.8,0.2,3,29,1.9,1.28,0.015,0.5452
23,5,1.63,2.8,0.2,3,29,1.9,1.28,0.02,0.5818
23,5,1.63,2.8,0.2,3,29,1.9,1.28,0.025,0.6146
23,5,1.63,2.8,0.2,3,29,1.9,1.28,0.03,0.6427
23,5,1.63,2.8,0.2,3,29,1.9,1.28,0.035,0.6658
23,5,1.63,2.8,0.2,3,29,1.9,1.28,0.04,0.6828
23,5,1.63,2.8,0.2,3,29,1.9,1.28,0.045,0.6968
23,5,1.63,2.8,0.2,3,29,1.9,1.28,0.05,0.7087
23,5,1.63,2.8,0.2,3,29,1.9,1.28,0.055,0.7185
23,5,1.63,2.8,0.2,3,29,1.9,1.28,0.06,0.7271
23,5,1.63,2.8,0.2,3,29,1.9,1.28,0.065,0.7348
23,5,1.63,2.8,0.2,3,29,1.9,1.28,0.07,0.7407
23,5,1.63,2.8,0.2,3,29,1.9,1.28,0.075,0.7451
23,5,1.63,2.8,0.2,3,29,1.9,1.28,0.08,0.7488
23,5,1.63,2.8,0.2,3,29,1.9,1.28,0.085,0.7521
23,5,1.63,2.8,0.2,3,29,1.9,1.28,0.09,0.755
23,5,1.63,2.8,0.2,3,29,1.9,1.28,0.095,0.7575
23,5,1.63,2.8,0.2,3,29,1.9,1.28,0.1,0.7597
23,5,1.63,2.8,0.2,3,30,1.65,1.34,0.01,0.5106
23,5,1.63,2.8,0.2,3,30,1.65,1.34,0.015,0.5528
23,5,1.63,2.8,0.2,3,30,1.65,1.34,0.02,0.5903
23,5,1.63,2.8,0.2,3,30,1.65,1.34,0.025,0.6224
23,5,1.63,2.8,0.2,3,30,1.65,1.34,0.03,0.6502
23,5,1.63,2.8,0.2,3,30,1.65,1.34,0.035,0.6723
23,5,1.63,2.8,0.2,3,30,1.65,1.34,0.04,0.6895
23,5,1.63,2.8,0.2,3,30,1.65,1.34,0.045,0.7039
23,5,1.63,2.8,0.2,3,30,1.65,1.34,0.05,0.7157
23,5,1.63,2.8,0.2,3,30,1.65,1.34,0.055,0.7251
23,5,1.63,2.8,0.2,3,30,1.65,1.34,0.06,0.7331
23,5,1.63,2.8,0.2,3,30,1.65,1.34,0.065,0.74
23,5,1.63,2.8,0.2,3,30,1.65,1.34,0.07,0.7459
23,5,1.63,2.8,0.2,3,30,1.65,1.34,0.075,0.7507
23,5,1.63,2.8,0.2,3,30,1.65,1.34,0.08,0.7546
23,5,1.63,2.8,0.2,3,30,1.65,1.34,0.085,0.758
23,5,1.63,2.8,0.2,3,30,1.65,1.34,0.09,0.7608
23,5,1.63,2.8,0.2,3,30,1.65,1.34,0.095,0.7634
23,5,1.63,2.8,0.2,3,30,1.65,1.34,0.1,0.7656
23,5,1.63,2.8,0.2,3,44,2.2,1.34,0.01,0.5768
23,5,1.63,2.8,0.2,3,44,2.2,1.34,0.015,0.619
23,5,1.63,2.8,0.2,3,44,2.2,1.34,0.02,0.654
23,5,1.63,2.8,0.2,3,44,2.2,1.34,0.025,0.6829
23,5,1.63,2.8,0.2,3,44,2.2,1.34,0.03,0.7055
23,5,1.63,2.8,0.2,3,44,2.2,1.34,0.035,0.7232
23,5,1.63,2.8,0.2,3,44,2.2,1.34,0.04,0.737
23,5,1.63,2.8,0.2,3,44,2.2,1.34,0.045,0.7482
23,5,1.63,2.8,0.2,3,44,2.2,1.34,0.05,0.7577
23,5,1.63,2.8,0.2,3,44,2.2,1.34,0.055,0.7658
23,5,1.63,2.8,0.2,3,44,2.2,1.34,0.06,0.7726
23,5,1.63,2.8,0.2,3,44,2.2,1.34,0.065,0.7788
23,5,1.63,2.8,0.2,3,44,2.2,1.34,0.07,0.784
23,5,1.63,2.8,0.2,3,44,2.2,1.34,0.075,0.7885
23,5,1.63,2.8,0.2,3,44,2.2,1.34,0.08,0.7926
23,5,1.63,2.8,0.2,3,44,2.2,1.34,0.085,0.7963
23,5,1.63,2.8,0.2,3,44,2.2,1.34,0.09,0.7995
23,5,1.63,2.8,0.2,3,44,2.2,1.34,0.095,0.802
23,5,1.63,2.8,0.2,3,44,2.2,1.34,0.1,0.8042
23,5,1.63,2.8,0.2,3,47,1.93,1.44,0.01,0.583
23,5,1.63,2.8,0.2,3,47,1.93,1.44,0.015,0.6243
23,5,1.63,2.8,0.2,3,47,1.93,1.44,0.02,0.6591
23,5,1.63,2.8,0.2,3,47,1.93,1.44,0.025,0.6877
23,5,1.63,2.8,0.2,3,47,1.93,1.44,0.03,0.7096
23,5,1.63,2.8,0.2,3,47,1.93,1.44,0.035,0.7269
23,5,1.63,2.8,0.2,3,47,1.93,1.44,0.04,0.7406
23,5,1.63,2.8,0.2,3,47,1.93,1.44,0.045,0.7515
23,5,1.63,2.8,0.2,3,47,1.93,1.44,0.05,0.761
23,5,1.63,2.8,0.2,3,47,1.93,1.44,0.055,0.7689
23,5,1.63,2.8,0.2,3,47,1.93,1.44,0.06,0.7758
23,5,1.63,2.8,0.2,3,47,1.93,1.44,0.065,0.7819
23,5,1.63,2.8,0.2,3,47,1.93,1.44,0.07,0.7872
23,5,1.63,2.8,0.2,3,47,1.93,1.44,0.075,0.7919
23,5,1.63,2.8,0.2,3,47,1.93,1.44,0.08,0.796
23,5,1.63,2.8,0.2,3,47,1.93,1.44,0.085,0.7996
23,5,1.63,2.8,0.2,3,47,1.93,1.44,0.09,0.8028
23,5,1.63,2.8,0.2,3,47,1.93,1.44,0.095,0.8052
23,5,1.63,2.8,0.2,3,47,1.93,1.44,0.1,0.8075
26,2.67,1.83,0.2,-0.1,0.2,27,1.88,1.25,0.01,0.6963
26,2.67,1.83,0.2,-0.1,0.2,27,1.88,1.25,0.015,0.7518
26,2.67,1.83,0.2,-0.1,0.2,27,1.88,1.25,0.02,0.7919
26,2.67,1.83,0.2,-0.1,0.2,27,1.88,1.25,0.025,0.82
26,2.67,1.83,0.2,-0.1,0.2,27,1.88,1.25,0.03,0.8396
26,2.67,1.83,0.2,-0.1,0.2,27,1.88,1.25,0.035,0.8536
26,2.67,1.83,0.2,-0.1,0.2,27,1.88,1.25,0.04,0.8631
26,2.67,1.83,0.2,-0.1,0.2,27,1.88,1.25,0.045,0.8699
26,2.67,1.83,0.2,-0.1,0.2,27,1.88,1.25,0.05,0.8755
26,2.67,1.83,0.2,-0.1,0.2,27,1.88,1.25,0.055,0.8805
26,2.67,1.83,0.2,-0.1,0.2,27,1.88,1.25,0.06,0.8847
26,2.67,1.83,0.2,-0.1,0.2,27,1.88,1.25,0.065,0.8883
26,2.67,1.83,0.2,-0.1,0.2,27,1.88,1.25,0.07,0.8921
26,2.67,1.83,0.2,-0.1,0.2,27,1.88,1.25,0.075,0.8951
26,2.67,1.83,0.2,-0.1,0.2,27,1.88,1.25,0.08,0.8976
26,2.67,1.83,0.2,-0.1,0.2,27,1.88,1.25,0.085,0.8994
26,2.67,1.83,0.2,-0.1,0.2,27,1.88,1.25,0.09,0.9009
26,2.67,1.83,0.2,-0.1,0.2,27,1.88,1.25,0.095,0.9022
26,2.67,1.83,0.2,-0.1,0.2,27,1.88,1.25,0.1,0.9033
26,2.67,1.83,0.2,-0.1,0.2,28,1.91,1.24,0.01,0.701
26,2.67,1.83,0.2,-0.1,0.2,28,1.91,1.24,0.015,0.7564
26,2.67,1.83,0.2,-0.1,0.2,28,1.91,1.24,0.02,0.7958
26,2.67,1.83,0.2,-0.1,0.2,28,1.91,1.24,0.025,0.8241
26,2.67,1.83,0.2,-0.1,0.2,28,1.91,1.24,0.03,0.8433
26,2.67,1.83,0.2,-0.1,0.2,28,1.91,1.24,0.035,0.8568
26,2.67,1.83,0.2,-0.1,0.2,28,1.91,1.24,0.04,0.8663
26,2.67,1.83,0.2,-0.1,0.2,28,1.91,1.24,0.045,0.8741
26,2.67,1.83,0.2,-0.1,0.2,28,1.91,1.24,0.05,0.8794
26,2.67,1.83,0.2,-0.1,0.2,28,1.91,1.24,0.055,0.8838
26,2.67,1.83,0.2,-0.1,0.2,28,1.91,1.24,0.06,0.888
26,2.67,1.83,0.2,-0.1,0.2,28,1.91,1.24,0.065,0.8914
26,2.67,1.83,0.2,-0.1,0.2,28,1.91,1.24,0.07,0.8948
26,2.67,1.83,0.2,-0.1,0.2,28,1.91,1.24,0.075,0.8977
26,2.67,1.83,0.2,-0.1,0.2,28,1.91,1.24,0.08,0.9001
26,2.67,1.83,0.2,-0.1,0.2,28,1.91,1.24,0.085,0.9023
26,2.67,1.83,0.2,-0.1,0.2,28,1.91,1.24,0.09,0.9041
26,2.67,1.83,0.2,-0.1,0.2,28,1.91,1.24,0.095,0.9056
26,2.67,1.83,0.2,-0.1,0.2,28,1.91,1.24,0.1,0.9067
26,2.67,1.83,0.2,-0.1,0.2,29,1.9,1.28,0.01,0.7044
26,2.67,1.83,0.2,-0.1,0.2,29,1.9,1.28,0.015,0.7596
26,2.67,1.83,0.2,-0.1,0.2,29,1.9,1.28,0.02,0.7989
26,2.67,1.83,0.2,-0.1,0.2,29,1.9,1.28,0.025,0.8254
26,2.67,1.83,0.2,-0.1,0.2,29,1.9,1.28,0.03,0.8446
26,2.67,1.83,0.2,-0.1,0.2,29,1.9,1.28,0.035,0.8581
26,2.67,1.83,0.2,-0.1,0.2,29,1.9,1.28,0.04,0.868
26,2.67,1.83,0.2,-0.1,0.2,29,1.9,1.28,0.045,0.876
26,2.67,1.83,0.2,-0.1,0.2,29,1.9,1.28,0.05,0.8822
26,2.67,1.83,0.2,-0.1,0.2,29,1.9,1.28,0.055,0.8865
26,2.67,1.83,0.2,-0.1,0.2,29,1.9,1.28,0.06,0.89
26,2.67,1.83,0.2,-0.1,0.2,29,1.9,1.28,0.065,0.8932
26,2.67,1.83,0.2,-0.1,0.2,29,1.9,1.28,0.07,0.8966
26,2.67,1.83,0.2,-0.1,0.2,29,1.9,1.28,0.075,0.8996
26,2.67,1.83,0.2,-0.1,0.2,29,1.9,1.28,0.08,0.9021
26,2.67,1.83,0.2,-0.1,0.2,29,1.9,1.28,0.085,0.9043
26,2.67,1.83,0.2,-0.1,0.2,29,1.9,1.28,0.09,0.9061
26,2.67,1.83,0.2,-0.1,0.2,29,1.9,1.28,0.095,0.9077
26,2.67,1.83,0.2,-0.1,0.2,29,1.9,1.28,0.1,0.909
26,2.67,1.83,0.2,-0.1,0.2,30,1.65,1.34,0.01,0.7086
26,2.67,1.83,0.2,-0.1,0.2,30,1.65,1.34,0.015,0.7629
26,2.67,1.83,0.2,-0.1,0.2,30,1.65,1.34,0.02,0.8009
26,2.67,1.83,0.2,-0.1,0.2,30,1.65,1.34,0.025,0.8272
26,2.67,1.83,0.2,-0.1,0.2,30,1.65,1.34,0.03,0.8459
26,2.67,1.83,0.2,-0.1,0.2,30,1.65,1.34,0.035,0.8598
26,2.67,1.83,0.2,-0.1,0.2,30,1.65,1.34,0.04,0.8702
26,2.67,1.83,0.2,-0.1,0.2,30,1.65,1.34,0.045,0.8783
26,2.67,1.83,0.2,-0.1,0.2,30,1.65,1.34,0.05,0.8842
26,2.67,1.83,0.2,-0.1,0.2,30,1.65,1.34,0.055,0.8881
26,2.67,1.83,0.2,-0.1,0.2,30,1.65,1.34,0.06,0.8914
26,2.67,1.83,0.2,-0.1,0.2,30,1.65,1.34,0.065,0.8946
26,2.67,1.83,0.2,-0.1,0.2,30,1.65,1.34,0.07,0.8978
26,2.67,1.83,0.2,-0.1,0.2,30,1.65,1.34,0.075,0.9005
26,2.67,1.83,0.2,-0.1,0.2,30,1.65,1.34,0.08,0.9031
26,2.67,1.83,0.2,-0.1,0.2,30,1.65,1.34,0.085,0.9054
26,2.67,1.83,0.2,-0.1,0.2,30,1.65,1.34,0.09,0.9074
26,2.67,1.83,0.2,-0.1,0.2,30,1.65,1.34,0.095,0.909
26,2.67,1.83,0.2,-0.1,0.2,30,1.65,1.34,0.1,0.9104
26,2.67,1.83,0.2,-0.1,0.2,44,2.2,1.34,0.01,0.7399
26,2.67,1.83,0.2,-0.1,0.2,44,2.2,1.34,0.015,0.7815
26,2.67,1.83,0.2,-0.1,0.2,44,2.2,1.34,0.02,0.8143
26,2.67,1.83,0.2,-0.1,0.2,44,2.2,1.34,0.025,0.8384
26,2.67,1.83,0.2,-0.1,0.2,44,2.2,1.34,0.03,0.8558
26,2.67,1.83,0.2,-0.1,0.2,44,2.2,1.34,0.035,0.8689
26,2.67,1.83,0.2,-0.1,0.2,44,2.2,1.34,0.04,0.8798
26,2.67,1.83,0.2,-0.1,0.2,44,2.2,1.34,0.045,0.8883
26,2.67,1.83,0.2,-0.1,0.2,44,2.2,1.34,0.05,0.8949
26,2.67,1.83,0.2,-0.1,0.2,44,2.2,1.34,0.055,0.9002
26,2.67,1.83,0.2,-0.1,0.2,44,2.2,1.34,0.06,0.9043
26,2.67,1.83,0.2,-0.1,0.2,44,2.2,1.34,0.065,0.9078
26,2.67,1.83,0.2,-0.1,0.2,44,2.2,1.34,0.07,0.9108
26,2.67,1.83,0.2,-0.1,0.2,44,2.2,1.34,0.075,0.9131
26,2.67,1.83,0.2,-0.1,0.2,44,2.2,1.34,0.08,0.9151
26,2.67,1.83,0.2,-0.1,0.2,44,2.2,1.34,0.085,0.9169
26,2.67,1.83,0.2,-0.1,0.2,44,2.2,1.34,0.09,0.9184
26,2.67,1.83,0.2,-0.1,0.2,44,2.2,1.34,0.095,0.9196
26,2.67,1.83,0.2,-0.1,0.2,44,2.2,1.34,0.1,0.9207
26,2.67,1.83,0.2,-0.1,0.2,47,1.93,1.44,0.01,0.7422
26,2.67,1.83,0.2,-0.1,0.2,47,1.93,1.44,0.015,0.7834
26,2.67,1.83,0.2,-0.1,0.2,47,1.93,1.44,0.02,0.8155
26,2.67,1.83,0.2,-0.1,0.2,47,1.93,1.44,0.025,0.8386
26,2.67,1.83,0.2,-0.1,0.2,47,1.93,1.44,0.03,0.8562
26,2.67,1.83,0.2,-0.1,0.2,47,1.93,1.44,0.035,0.8696
26,2.67,1.83,0.2,-0.1,0.2,47,1.93,1.44,0.04,0.8804
26,2.67,1.83,0.2,-0.1,0.2,47,1.93,1.44,0.045,0.8893
26,2.67,1.83,0.2,-0.1,0.2,47,1.93,1.44,0.05,0.8959
26,2.67,1.83,0.2,-0.1,0.2,47,1.93,1.44,0.055,0.9012
26,2.67,1.83,0.2,-0.1,0.2,47,1.93,1.44,0.06,0.9056
26,2.67,1.83,0.2,-0.1,0.2,47,1.93,1.44,0.065,0.909
26,2.67,1.83,0.2,-0.1,0.2,47,1.93,1.44,0.07,0.9119
26,2.67,1.83,0.2,-0.1,0.2,47,1.93,1.44,0.075,0.9143
26,2.67,1.83,0.2,-0.1,0.2,47,1.93,1.44,0.08,0.9163
26,2.67,1.83,0.2,-0.1,0.2,47,1.93,1.44,0.085,0.9181
26,2.67,1.83,0.2,-0.1,0.2,47,1.93,1.44,0.09,0.9196
26,2.67,1.83,0.2,-0.1,0.2,47,1.93,1.44,0.095,0.9208
26,2.67,1.83,0.2,-0.1,0.2,47,1.93,1.44,0.1,0.9219
26,3,1.83,2.2,0.28,2.48,27,1.88,1.25,0.01,0.615
26,3,1.83,2.2,0.28,2.48,27,1.88,1.25,0.015,0.6739
26,3,1.83,2.2,0.28,2.48,27,1.88,1.25,0.02,0.7212
26,3,1.83,2.2,0.28,2.48,27,1.88,1.25,0.025,0.7586
26,3,1.83,2.2,0.28,2.48,27,1.88,1.25,0.03,0.7856
26,3,1.83,2.2,0.28,2.48,27,1.88,1.25,0.035,0.8047
26,3,1.83,2.2,0.28,2.48,27,1.88,1.25,0.04,0.8182
26,3,1.83,2.2,0.28,2.48,27,1.88,1.25,0.045,0.8282
26,3,1.83,2.2,0.28,2.48,27,1.88,1.25,0.05,0.8365
26,3,1.83,2.2,0.28,2.48,27,1.88,1.25,0.055,0.8427
26,3,1.83,2.2,0.28,2.48,27,1.88,1.25,0.06,0.8479
26,3,1.83,2.2,0.28,2.48,27,1.88,1.25,0.065,0.8531
26,3,1.83,2.2,0.28,2.48,27,1.88,1.25,0.07,0.8574
26,3,1.83,2.2,0.28,2.48,27,1.88,1.25,0.075,0.8611
26,3,1.83,2.2,0.28,2.48,27,1.88,1.25,0.08,0.8642
26,3,1.83,2.2,0.28,2.48,27,1.88,1.25,0.085,0.8669
26,3,1.83,2.2,0.28,2.48,27,1.88,1.25,0.09,0.8692
26,3,1.83,2.2,0.28,2.48,27,1.88,1.25,0.095,0.8712
26,3,1.83,2.2,0.28,2.48,27,1.88,1.25,0.1,0.8729
26,3,1.83,2.2,0.28,2.48,28,1.91,1.24,0.01,0.62
26,3,1.83,2.2,0.28,2.48,28,1.91,1.24,0.015,0.6803
26,3,1.83,2.2,0.28,2.48,28,1.91,1.24,0.02,0.7272
26,3,1.83,2.2,0.28,2.48,28,1.91,1.24,0.025,0.7633
26,3,1.83,2.2,0.28,2.48,28,1.91,1.24,0.03,0.789
26,3,1.83,2.2,0.28,2.48,28,1.91,1.24,0.035,0.808
26,3,1.83,2.2,0.28,2.48,28,1.91,1.24,0.04,0.8216
26,3,1.83,2.2,0.28,2.48,28,1.91,1.24,0.045,0.8323
26,3,1.83,2.2,0.28,2.48,28,1.91,1.24,0.05,0.8413
26,3,1.83,2.2,0.28,2.48,28,1.91,1.24,0.055,0.8477
26,3,1.83,2.2,0.28,2.48,28,1.91,1.24,0.06,0.853
26,3,1.83,2.2,0.28,2.48,28,1.91,1.24,0.065,0.858
26,3,1.83,2.2,0.28,2.48,28,1.91,1.24,0.07,0.8623
26,3,1.83,2.2,0.28,2.48,28,1.91,1.24,0.075,0.866
26,3,1.83,2.2,0.28,2.48,28,1.91,1.24,0.08,0.869
26,3,1.83,2.2,0.28,2.48,28,1.91,1.24,0.085,0.8715
26,3,1.83,2.2,0.28,2.48,28,1.91,1.24,0.09,0.8735
26,3,1.83,2.2,0.28,2.48,28,1.91,1.24,0.095,0.8751
26,3,1.83,2.2,0.28,2.48,28,1.91,1.24,0.1,0.8767
26,3,1.83,2.2,0.28,2.48,29,1.9,1.28,0.01,0.6246
26,3,1.83,2.2,0.28,2.48,29,1.9,1.28,0.015,0.6857
26,3,1.83,2.2,0.28,2.48,29,1.9,1.28,0.02,0.731
26,3,1.83,2.2,0.28,2.48,29,1.9,1.28,0.025,0.7649
26,3,1.83,2.2,0.28,2.48,29,1.9,1.28,0.03,0.7898
26,3,1.83,2.2,0.28,2.48,29,1.9,1.28,0.035,0.8092
26,3,1.83,2.2,0.28,2.48,29,1.9,1.28,0.04,0.8232
26,3,1.83,2.2,0.28,2.48,29,1.9,1.28,0.045,0.835
26,3,1.83,2.2,0.28,2.48,29,1.9,1.28,0.05,0.8443
26,3,1.83,2.2,0.28,2.48,29,1.9,1.28,0.055,0.8511
26,3,1.83,2.2,0.28,2.48,29,1.9,1.28,0.06,0.8564
26,3,1.83,2.2,0.28,2.48,29,1.9,1.28,0.065,0.8615
26,3,1.83,2.2,0.28,2.48,29,1.9,1.28,0.07,0.8658
26,3,1.83,2.2,0.28,2.48,29,1.9,1.28,0.075,0.8692
26,3,1.83,2.2,0.28,2.48,29,1.9,1.28,0.08,0.8722
26,3,1.83,2.2,0.28,2.48,29,1.9,1.28,0.085,0.8747
26,3,1.83,2.2,0.28,2.48,29,1.9,1.28,0.09,0.8769
26,3,1.83,2.2,0.28,2.48,29,1.9,1.28,0.095,0.8787
26,3,1.83,2.2,0.28,2.48,29,1.9,1.28,0.1,0.8802
26,3,1.83,2.2,0.28,2.48,30,1.65,1.34,0.01,0.6301
26,3,1.83,2.2,0.28,2.48,30,1.65,1.34,0.015,0.6907
26,3,1.83,2.2,0.28,2.48,30,1.65,1.34,0.02,0.7337
26,3,1.83,2.2,0.28,2.48,30,1.65,1.34,0.025,0.767
26,3,1.83,2.2,0.28,2.48,30,1.65,1.34,0.03,0.7915
26,3,1.83,2.2,0.28,2.48,30,1.65,1.34,0.035,0.8106
26,3,1.83,2.2,0.28,2.48,30,1.65,1.34,0.04,0.8251
26,3,1.83,2.2,0.28,2.48,30,1.65,1.34,0.045,0.8364
26,3,1.83,2.2,0.28,2.48,30,1.65,1.34,0.05,0.8459
26,3,1.83,2.2,0.28,2.48,30,1.65,1.34,0.055,0.8532
26,3,1.83,2.2,0.28,2.48,30,1.65,1.34,0.06,0.8586
26,3,1.83,2.2,0.28,2.48,30,1.65,1.34,0.065,0.8637
26,3,1.83,2.2,0.28,2.48,30,1.65,1.34,0.07,0.868
26,3,1.83,2.2,0.28,2.48,30,1.65,1.34,0.075,0.8716
26,3,1.83,2.2,0.28,2.48,30,1.65,1.34,0.08,0.8746
26,3,1.83,2.2,0.28,2.48,30,1.65,1.34,0.085,0.8771
26,3,1.83,2.2,0.28,2.48,30,1.65,1.34,0.09,0.8793
26,3,1.83,2.2,0.28,2.48,30,1.65,1.34,0.095,0.8812
26,3,1.83,2.2,0.28,2.48,30,1.65,1.34,0.1,0.8828
26,3,1.83,2.2,0.28,2.48,44,2.2,1.34,0.01,0.6749
26,3,1.83,2.2,0.28,2.48,44,2.2,1.34,0.015,0.7231
26,3,1.83,2.2,0.28,2.48,44,2.2,1.34,0.02,0.7617
26,3,1.83,2.2,0.28,2.48,44,2.2,1.34,0.025,0.7901
26,3,1.83,2.2,0.28,2.48,44,2.2,1.34,0.03,0.8116
26,3,1.83,2.2,0.28,2.48,44,2.2,1.34,0.035,0.8266
26,3,1.83,2.2,0.28,2.48,44,2.2,1.34,0.04,0.8393
26,3,1.83,2.2,0.28,2.48,44,2.2,1.34,0.045,0.8496
26,3,1.83,2.2,0.28,2.48,44,2.2,1.34,0.05,0.8578
26,3,1.83,2.2,0.28,2.48,44,2.2,1.34,0.055,0.8645
26,3,1.83,2.2,0.28,2.48,44,2.2,1.34,0.06,0.8708
26,3,1.83,2.2,0.28,2.48,44,2.2,1.34,0.065,0.8762
26,3,1.83,2.2,0.28,2.48,44,2.2,1.34,0.07,0.8803
26,3,1.83,2.2,0.28,2.48,44,2.2,1.34,0.075,0.8838
26,3,1.83,2.2,0.28,2.48,44,2.2,1.34,0.08,0.8867
26,3,1.83,2.2,0.28,2.48,44,2.2,1.34,0.085,0.8893
26,3,1.83,2.2,0.28,2.48,44,2.2,1.34,0.09,0.8915
26,3,1.83,2.2,0.28,2.48,44,2.2,1.34,0.095,0.8934
26,3,1.83,2.2,0.28,2.48,44,2.2,1.34,0.1,0.8951
26,3,1.83,2.2,0.28,2.48,47,1.93,1.44,0.01,0.6786
26,3,1.83,2.2,0.28,2.48,47,1.93,1.44,0.015,0.7264
26,3,1.83,2.2,0.28,2.48,47,1.93,1.44,0.02,0.764
26,3,1.83,2.2,0.28,2.48,47,1.93,1.44,0.025,0.7922
26,3,1.83,2.2,0.28,2.48,47,1.93,1.44,0.03,0.8131
26,3,1.83,2.2,0.28,2.48,47,1.93,1.44,0.035,0.8284
26,3,1.83,2.2,0.28,2.48,47,1.93,1.44,0.04,0.8407
26,3,1.83,2.2,0.28,2.48,47,1.93,1.44,0.045,0.8512
26,3,1.83,2.2,0.28,2.48,47,1.93,1.44,0.05,0.8595
26,3,1.83,2.2,0.28,2.48,47,1.93,1.44,0.055,0.8661
26,3,1.83,2.2,0.28,2.48,47,1.93,1.44,0.06,0.8722
26,3,1.83,2.2,0.28,2.48,47,1.93,1.44,0.065,0.8777
26,3,1.83,2.2,0.28,2.48,47,1.93,1.44,0.07,0.8817
26,3,1.83,2.2,0.28,2.48,47,1.93,1.44,0.075,0.885
26,3,1.83,2.2,0.28,2.48,47,1.93,1.44,0.08,0.8878
26,3,1.83,2.2,0.28,2.48,47,1.93,1.44,0.085,0.8903
26,3,1.83,2.2,0.28,2.48,47,1.93,1.44,0.09,0.8925
26,3,1.83,2.2,0.28,2.48,47,1.93,1.44,0.095,0.8944
26,3,1.83,2.2,0.28,2.48,47,1.93,1.44,0.1,0.896
27,2.67,1.88,1.5,0.68,2.18,26,1.83,1.26,0.01,0.6279
27,2.67,1.88,1.5,0.68,2.18,26,1.83,1.26,0.015,0.6942
27,2.67,1.88,1.5,0.68,2.18,26,1.83,1.26,0.02,0.7431
27,2.67,1.88,1.5,0.68,2.18,26,1.83,1.26,0.025,0.7804
27,2.67,1.88,1.5,0.68,2.18,26,1.83,1.26,0.03,0.8059
27,2.67,1.88,1.5,0.68,2.18,26,1.83,1.26,0.035,0.8255
27,2.67,1.88,1.5,0.68,2.18,26,1.83,1.26,0.04,0.8399
27,2.67,1.88,1.5,0.68,2.18,26,1.83,1.26,0.045,0.8509
27,2.67,1.88,1.5,0.68,2.18,26,1.83,1.26,0.05,0.8581
27,2.67,1.88,1.5,0.68,2.18,26,1.83,1.26,0.055,0.8641
27,2.67,1.88,1.5,0.68,2.18,26,1.83,1.26,0.06,0.8687
27,2.67,1.88,1.5,0.68,2.18,26,1.83,1.26,0.065,0.8723
27,2.67,1.88,1.5,0.68,2.18,26,1.83,1.26,0.07,0.8752
27,2.67,1.88,1.5,0.68,2.18,26,1.83,1.26,0.075,0.8778
27,2.67,1.88,1.5,0.68,2.18,26,1.83,1.26,0.08,0.8801
27,2.67,1.88,1.5,0.68,2.18,26,1.83,1.26,0.085,0.8821
27,2.67,1.88,1.5,0.68,2.18,26,1.83,1.26,0.09,0.8839
27,2.67,1.88,1.5,0.68,2.18,26,1.83,1.26,0.095,0.8855
27,2.67,1.88,1.5,0.68,2.18,26,1.83,1.26,0.1,0.887
27,2.67,1.88,1.5,0.68,2.18,28,1.91,1.24,0.01,0.6356
27,2.67,1.88,1.5,0.68,2.18,28,1.91,1.24,0.015,0.7047
27,2.67,1.88,1.5,0.68,2.18,28,1.91,1.24,0.02,0.754
27,2.67,1.88,1.5,0.68,2.18,28,1.91,1.24,0.025,0.7909
27,2.67,1.88,1.5,0.68,2.18,28,1.91,1.24,0.03,0.8146
27,2.67,1.88,1.5,0.68,2.18,28,1.91,1.24,0.035,0.8317
27,2.67,1.88,1.5,0.68,2.18,28,1.91,1.24,0.04,0.845
27,2.67,1.88,1.5,0.68,2.18,28,1.91,1.24,0.045,0.8547
27,2.67,1.88,1.5,0.68,2.18,28,1.91,1.24,0.05,0.8624
27,2.67,1.88,1.5,0.68,2.18,28,1.91,1.24,0.055,0.868
27,2.67,1.88,1.5,0.68,2.18,28,1.91,1.24,0.06,0.8729
27,2.67,1.88,1.5,0.68,2.18,28,1.91,1.24,0.065,0.8771
27,2.67,1.88,1.5,0.68,2.18,28,1.91,1.24,0.07,0.8807
27,2.67,1.88,1.5,0.68,2.18,28,1.91,1.24,0.075,0.8835
27,2.67,1.88,1.5,0.68,2.18,28,1.91,1.24,0.08,0.8859
27,2.67,1.88,1.5,0.68,2.18,28,1.91,1.24,0.085,0.8879
27,2.67,1.88,1.5,0.68,2.18,28,1.91,1.24,0.09,0.8896
27,2.67,1.88,1.5,0.68,2.18,28,1.91,1.24,0.095,0.8913
27,2.67,1.88,1.5,0.68,2.18,28,1.91,1.24,0.1,0.8929
27,2.67,1.88,1.5,0.68,2.18,29,1.9,1.28,0.01,0.639
27,2.67,1.88,1.5,0.68,2.18,29,1.9,1.28,0.015,0.7068
27,2.67,1.88,1.5,0.68,2.18,29,1.9,1.28,0.02,0.7557
27,2.67,1.88,1.5,0.68,2.18,29,1.9,1.28,0.025,0.7924
27,2.67,1.88,1.5,0.68,2.18,29,1.9,1.28,0.03,0.8164
27,2.67,1.88,1.5,0.68,2.18,29,1.9,1.28,0.035,0.8341
27,2.67,1.88,1.5,0.68,2.18,29,1.9,1.28,0.04,0.8472
27,2.67,1.88,1.5,0.68,2.18,29,1.9,1.28,0.045,0.8563
27,2.67,1.88,1.5,0.68,2.18,29,1.9,1.28,0.05,0.8638
27,2.67,1.88,1.5,0.68,2.18,29,1.9,1.28,0.055,0.8698
27,2.67,1.88,1.5,0.68,2.18,29,1.9,1.28,0.06,0.8749
27,2.67,1.88,1.5,0.68,2.18,29,1.9,1.28,0.065,0.8793
27,2.67,1.88,1.5,0.68,2.18,29,1.9,1.28,0.07,0.8829
27,2.67,1.88,1.5,0.68,2.18,29,1.9,1.28,0.075,0.8857
27,2.67,1.88,1.5,0.68,2.18,29,1.9,1.28,0.08,0.8881
27,2.67,1.88,1.5,0.68,2.18,29,1.9,1.28,0.085,0.8901
27,2.67,1.88,1.5,0.68,2.18,29,1.9,1.28,0.09,0.8918
27,2.67,1.88,1.5,0.68,2.18,29,1.9,1.28,0.095,0.8935
27,2.67,1.88,1.5,0.68,2.18,29,1.9,1.28,0.1,0.895
27,2.67,1.88,1.5,0.68,2.18,30,1.65,1.34,0.01,0.6428
27,2.67,1.88,1.5,0.68,2.18,30,1.65,1.34,0.015,0.7084
27,2.67,1.88,1.5,0.68,2.18,30,1.65,1.34,0.02,0.7566
27,2.67,1.88,1.5,0.68,2.18,30,1.65,1.34,0.025,0.7926
27,2.67,1.88,1.5,0.68,2.18,30,1.65,1.34,0.03,0.8178
27,2.67,1.88,1.5,0.68,2.18,30,1.65,1.34,0.035,0.8356
27,2.67,1.88,1.5,0.68,2.18,30,1.65,1.34,0.04,0.849
27,2.67,1.88,1.5,0.68,2.18,30,1.65,1.34,0.045,0.8585
27,2.67,1.88,1.5,0.68,2.18,30,1.65,1.34,0.05,0.8661
27,2.67,1.88,1.5,0.68,2.18,30,1.65,1.34,0.055,0.872
27,2.67,1.88,1.5,0.68,2.18,30,1.65,1.34,0.06,0.8769
27,2.67,1.88,1.5,0.68,2.18,30,1.65,1.34,0.065,0.8812
27,2.67,1.88,1.5,0.68,2.18,30,1.65,1.34,0.07,0.8846
27,2.67,1.88,1.5,0.68,2.18,30,1.65,1.34,0.075,0.8872
27,2.67,1.88,1.5,0.68,2.18,30,1.65,1.34,0.08,0.8895
27,2.67,1.88,1.5,0.68,2.18,30,1.65,1.34,0.085,0.8915
27,2.67,1.88,1.5,0.68,2.18,30,1.65,1.34,0.09,0.8931
27,2.67,1.88,1.5,0.68,2.18,30,1.65,1.34,0.095,0.8949
27,2.67,1.88,1.5,0.68,2.18,30,1.65,1.34,0.1,0.8963
27,2.67,1.88,1.5,0.68,2.18,44,2.2,1.34,0.01,0.6753
27,2.67,1.88,1.5,0.68,2.18,44,2.2,1.34,0.015,0.7276
27,2.67,1.88,1.5,0.68,2.18,44,2.2,1.34,0.02,0.7686
27,2.67,1.88,1.5,0.68,2.18,44,2.2,1.34,0.025,0.7992
27,2.67,1.88,1.5,0.68,2.18,44,2.2,1.34,0.03,0.824
27,2.67,1.88,1.5,0.68,2.18,44,2.2,1.34,0.035,0.8426
27,2.67,1.88,1.5,0.68,2.18,44,2.2,1.34,0.04,0.856
27,2.67,1.88,1.5,0.68,2.18,44,2.2,1.34,0.045,0.8664
27,2.67,1.88,1.5,0.68,2.18,44,2.2,1.34,0.05,0.8746
27,2.67,1.88,1.5,0.68,2.18,44,2.2,1.34,0.055,0.8812
27,2.67,1.88,1.5,0.68,2.18,44,2.2,1.34,0.06,0.8867
27,2.67,1.88,1.5,0.68,2.18,44,2.2,1.34,0.065,0.8909
27,2.67,1.88,1.5,0.68,2.18,44,2.2,1.34,0.07,0.8939
27,2.67,1.88,1.5,0.68,2.18,44,2.2,1.34,0.075,0.8965
27,2.67,1.88,1.5,0.68,2.18,44,2.2,1.34,0.08,0.8985
27,2.67,1.88,1.5,0.68,2.18,44,2.2,1.34,0.085,0.9004
27,2.67,1.88,1.5,0.68,2.18,44,2.2,1.34,0.09,0.9023
27,2.67,1.88,1.5,0.68,2.18,44,2.2,1.34,0.095,0.9038
27,2.67,1.88,1.5,0.68,2.18,44,2.2,1.34,0.1,0.9051
27,2.67,1.88,1.5,0.68,2.18,47,1.93,1.44,0.01,0.6777
27,2.67,1.88,1.5,0.68,2.18,47,1.93,1.44,0.015,0.7294
27,2.67,1.88,1.5,0.68,2.18,47,1.93,1.44,0.02,0.7697
27,2.67,1.88,1.5,0.68,2.18,47,1.93,1.44,0.025,0.8001
27,2.67,1.88,1.5,0.68,2.18,47,1.93,1.44,0.03,0.8242
27,2.67,1.88,1.5,0.68,2.18,47,1.93,1.44,0.035,0.8428
27,2.67,1.88,1.5,0.68,2.18,47,1.93,1.44,0.04,0.8565
27,2.67,1.88,1.5,0.68,2.18,47,1.93,1.44,0.045,0.8669
27,2.67,1.88,1.5,0.68,2.18,47,1.93,1.44,0.05,0.8751
27,2.67,1.88,1.5,0.68,2.18,47,1.93,1.44,0.055,0.8816
27,2.67,1.88,1.5,0.68,2.18,47,1.93,1.44,0.06,0.8873
27,2.67,1.88,1.5,0.68,2.18,47,1.93,1.44,0.065,0.8917
27,2.67,1.88,1.5,0.68,2.18,47,1.93,1.44,0.07,0.8949
27,2.67,1.88,1.5,0.68,2.18,47,1.93,1.44,0.075,0.8975
27,2.67,1.88,1.5,0.68,2.18,47,1.93,1.44,0.08,0.8996
27,2.67,1.88,1.5,0.68,2.18,47,1.93,1.44,0.085,0.9014
27,2.67,1.88,1.5,0.68,2.18,47,1.93,1.44,0.09,0.9032
27,2.67,1.88,1.5,0.68,2.18,47,1.93,1.44,0.095,0.9047
27,2.67,1.88,1.5,0.68,2.18,47,1.93,1.44,0.1,0.906
29,1,1.9,2.1,-0.7,1.3,26,1.83,1.26,0.01,0.929
29,1,1.9,2.1,-0.7,1.3,26,1.83,1.26,0.015,0.9492
29,1,1.9,2.1,-0.7,1.3,26,1.83,1.26,0.02,0.961
29,1,1.9,2.1,-0.7,1.3,26,1.83,1.26,0.025,0.9679
29,1,1.9,2.1,-0.7,1.3,26,1.83,1.26,0.03,0.9719
29,1,1.9,2.1,-0.7,1.3,26,1.83,1.26,0.035,0.9743
29,1,1.9,2.1,-0.7,1.3,26,1.83,1.26,0.04,0.9758
29,1,1.9,2.1,-0.7,1.3,26,1.83,1.26,0.045,0.977
29,1,1.9,2.1,-0.7,1.3,26,1.83,1.26,0.05,0.9775
29,1,1.9,2.1,-0.7,1.3,26,1.83,1.26,0.055,0.9779
29,1,1.9,2.1,-0.7,1.3,26,1.83,1.26,0.06,0.9781
29,1,1.9,2.1,-0.7,1.3,26,1.83,1.26,0.065,0.9782
29,1,1.9,2.1,-0.7,1.3,26,1.83,1.26,0.07,0.9783
29,1,1.9,2.1,-0.7,1.3,26,1.83,1.26,0.075,0.9783
29,1,1.9,2.1,-0.7,1.3,26,1.83,1.26,0.08,0.9784
29,1,1.9,2.1,-0.7,1.3,26,1.83,1.26,0.085,0.9784
29,1,1.9,2.1,-0.7,1.3,26,1.83,1.26,0.09,0.9784
29,1,1.9,2.1,-0.7,1.3,26,1.83,1.26,0.095,0.9784
29,1,1.9,2.1,-0.7,1.3,26,1.83,1.26,0.1,0.9783
29,1,1.9,2.1,-0.7,1.3,27,1.88,1.25,0.01,0.9313
29,1,1.9,2.1,-0.7,1.3,27,1.88,1.25,0.015,0.9513
29,1,1.9,2.1,-0.7,1.3,27,1.88,1.25,0.02,0.963
29,1,1.9,2.1,-0.7,1.3,27,1.88,1.25,0.025,0.9692
29,1,1.9,2.1,-0.7,1.3,27,1.88,1.25,0.03,0.9727
29,1,1.9,2.1,-0.7,1.3,27,1.88,1.25,0.035,0.9751
29,1,1.9,2.1,-0.7,1.3,27,1.88,1.25,0.04,0.9767
29,1,1.9,2.1,-0.7,1.3,27,1.88,1.25,0.045,0.9778
29,1,1.9,2.1,-0.7,1.3,27,1.88,1.25,0.05,0.9784
29,1,1.9,2.1,-0.7,1.3,27,1.88,1.25,0.055,0.9788
29,1,1.9,2.1,-0.7,1.3,27,1.88,1.25,0.06,0.979
29,1,1.9,2.1,-0.7,1.3,27,1.88,1.25,0.065,0.9792
29,1,1.9,2.1,-0.7,1.3,27,1.88,1.25,0.07,0.9793
29,1,1.9,2.1,-0.7,1.3,27,1.88,1.25,0.075,0.9793
29,1,1.9,2.1,-0.7,1.3,27,1.88,1.25,0.08,0.9793
29,1,1.9,2.1,-0.7,1.3,27,1.88,1.25,0.085,0.9793
29,1,1.9,2.1,-0.7,1.3,27,1.88,1.25,0.09,0.9793
29,1,1.9,2.1,-0.7,1.3,27,1.88,1.25,0.095,0.9793
29,1,1.9,2.1,-0.7,1.3,27,1.88,1.25,0.1,0.9793
29,1,1.9,2.1,-0.7,1.3,28,1.91,1.24,0.01,0.9321
29,1,1.9,2.1,-0.7,1.3,28,1.91,1.24,0.015,0.9519
29,1,1.9,2.1,-0.7,1.3,28,1.91,1.24,0.02,0.9634
29,1,1.9,2.1,-0.7,1.3,28,1.91,1.24,0.025,0.9698
29,1,1.9,2.1,-0.7,1.3,28,1.91,1.24,0.03,0.9733
29,1,1.9,2.1,-0.7,1.3,28,1.91,1.24,0.035,0.9755
29,1,1.9,2.1,-0.7,1.3,28,1.91,1.24,0.04,0.9771
29,1,1.9,2.1,-0.7,1.3,28,1.91,1.24,0.045,0.978
29,1,1.9,2.1,-0.7,1.3,28,1.91,1.24,0.05,0.9787
29,1,1.9,2.1,-0.7,1.3,28,1.91,1.24,0.055,0.9792
29,1,1.9,2.1,-0.7,1.3,28,1.91,1.24,0.06,0.9795
29,1,1.9,2.1,-0.7,1.3,28,1.91,1.24,0.065,0.9797
29,1,1.9,2.1,-0.7,1.3,28,1.91,1.24,0.07,0.9798
29,1,1.9,2.1,-0.7,1.3,28,1.91,1.24,0.075,0.9798
29,1,1.9,2.1,-0.7,1.3,28,1.91,1.24,0.08,0.9799
29,1,1.9,2.1,-0.7,1.3,28,1.91,1.24,0.085,0.9799
29,1,1.9,2.1,-0.7,1.3,28,1.91,1.24,0.09,0.9799
29,1,1.9,2.1,-0.7,1.3,28,1.91,1.24,0.095,0.9799
29,1,1.9,2.1,-0.7,1.3,28,1.91,1.24,0.1,0.9799
29,1,1.9,2.1,-0.7,1.3,30,1.65,1.34,0.01,0.9317
29,1,1.9,2.1,-0.7,1.3,30,1.65,1.34,0.015,0.951
29,1,1.9,2.1,-0.7,1.3,30,1.65,1.34,0.02,0.962
29,1,1.9,2.1,-0.7,1.3,30,1.65,1.34,0.025,0.9686
29,1,1.9,2.1,-0.7,1.3,30,1.65,1.34,0.03,0.9727
29,1,1.9,2.1,-0.7,1.3,30,1.65,1.34,0.035,0.9753
29,1,1.9,2.1,-0.7,1.3,30,1.65,1.34,0.04,0.977
29,1,1.9,2.1,-0.7,1.3,30,1.65,1.34,0.045,0.9781
29,1,1.9,2.1,-0.7,1.3,30,1.65,1.34,0.05,0.979
29,1,1.9,2.1,-0.7,1.3,30,1.65,1.34,0.055,0.9795
29,1,1.9,2.1,-0.7,1.3,30,1.65,1.34,0.06,0.98
29,1,1.9,2.1,-0.7,1.3,30,1.65,1.34,0.065,0.9802
29,1,1.9,2.1,-0.7,1.3,30,1.65,1.34,0.07,0.9804
29,1,1.9,2.1,-0.7,1.3,30,1.65,1.34,0.075,0.9804
29,1,1.9,2.1,-0.7,1.3,30,1.65,1.34,0.08,0.9805
29,1,1.9,2.1,-0.7,1.3,30,1.65,1.34,0.085,0.9805
29,1,1.9,2.1,-0.7,1.3,30,1.65,1.34,0.09,0.9805
29,1,1.9,2.1,-0.7,1.3,30,1.65,1.34,0.095,0.9806
29,1,1.9,2.1,-0.7,1.3,30,1.65,1.34,0.1,0.9806
29,1,1.9,2.1,-0.7,1.3,44,2.2,1.34,0.01,0.5244
29,1,1.9,2.1,-0.7,1.3,44,2.2,1.34,0.015,0.5291
29,1,1.9,2.1,-0.7,1.3,44,2.2,1.34,0.02,0.5349
29,1,1.9,2.1,-0.7,1.3,44,2.2,1.34,0.025,0.5397
29,1,1.9,2.1,-0.7,1.3,44,2.2,1.34,0.03,0.5392
29,1,1.9,2.1,-0.7,1.3,44,2.2,1.34,0.035,0.538
29,1,1.9,2.1,-0.7,1.3,44,2.2,1.34,0.04,0.5398
29,1,1.9,2.1,-0.7,1.3,44,2.2,1.34,0.045,0.5411
29,1,1.9,2.1,-0.7,1.3,44,2.2,1.34,0.05,0.5438
29,1,1.9,2.1,-0.7,1.3,44,2.2,1.34,0.055,0.548
29,1,1.9,2.1,-0.7,1.3,44,2.2,1.34,0.06,0.5528
29,1,1.9,2.1,-0.7,1.3,44,2.2,1.34,0.065,0.5569
29,1,1.9,2.1,-0.7,1.3,44,2.2,1.34,0.07,0.5608
29,1,1.9,2.1,-0.7,1.3,44,2.2,1.34,0.075,0.5646
29,1,1.9,2.1,-0.7,1.3,44,2.2,1.34,0.08,0.5682
29,1,1.9,2.1,-0.7,1.3,44,2.2,1.34,0.085,0.5713
29,1,1.9,2.1,-0.7,1.3,44,2.2,1.34,0.09,0.5736
29,1,1.9,2.1,-0.7,1.3,44,2.2,1.34,0.095,0.5757
29,1,1.9,2.1,-0.7,1.3,44,2.2,1.34,0.1,0.5778
29,1,1.9,2.1,-0.7,1.3,47,1.93,1.44,0.01,0.9263
29,1,1.9,2.1,-0.7,1.3,47,1.93,1.44,0.015,0.9435
29,1,1.9,2.1,-0.7,1.3,47,1.93,1.44,0.02,0.9541
29,1,1.9,2.1,-0.7,1.3,47,1.93,1.44,0.025,0.9609
29,1,1.9,2.1,-0.7,1.3,47,1.93,1.44,0.03,0.9654
29,1,1.9,2.1,-0.7,1.3,47,1.93,1.44,0.035,0.9688
29,1,1.9,2.1,-0.7,1.3,47,1.93,1.44,0.04,0.9713
29,1,1.9,2.1,-0.7,1.3,47,1.93,1.44,0.045,0.9731
29,1,1.9,2.1,-0.7,1.3,47,1.93,1.44,0.05,0.9744
29,1,1.9,2.1,-0.7,1.3,47,1.93,1.44,0.055,0.9754
29,1,1.9,2.1,-0.7,1.3,47,1.93,1.44,0.06,0.9761
29,1,1.9,2.1,-0.7,1.3,47,1.93,1.44,0.065,0.9767
29,1,1.9,2.1,-0.7,1.3,47,1.93,1.44,0.07,0.9771
29,1,1.9,2.1,-0.7,1.3,47,1.93,1.44,0.075,0.9775
29,1,1.9,2.1,-0.7,1.3,47,1.93,1.44,0.08,0.9777
29,1,1.9,2.1,-0.7,1.3,47,1.93,1.44,0.085,0.9779
29,1,1.9,2.1,-0.7,1.3,47,1.93,1.44,0.09,0.9781
29,1,1.9,2.1,-0.7,1.3,47,1.93,1.44,0.095,0.9782
29,1,1.9,2.1,-0.7,1.3,47,1.93,1.44,0.1,0.9783
29,2,1.9,1.7,0.46,2.16,26,1.83,1.26,0.01,0.6422
29,2,1.9,1.7,0.46,2.16,26,1.83,1.26,0.015,0.7314
29,2,1.9,1.7,0.46,2.16,26,1.83,1.26,0.02,0.793
29,2,1.9,1.7,0.46,2.16,26,1.83,1.26,0.025,0.8349
29,2,1.9,1.7,0.46,2.16,26,1.83,1.26,0.03,0.8606
29,2,1.9,1.7,0.46,2.16,26,1.83,1.26,0.035,0.8782
29,2,1.9,1.7,0.46,2.16,26,1.83,1.26,0.04,0.8913
29,2,1.9,1.7,0.46,2.16,26,1.83,1.26,0.045,0.9013
29,2,1.9,1.7,0.46,2.16,26,1.83,1.26,0.05,0.9085
29,2,1.9,1.7,0.46,2.16,26,1.83,1.26,0.055,0.9138
29,2,1.9,1.7,0.46,2.16,26,1.83,1.26,0.06,0.9179
29,2,1.9,1.7,0.46,2.16,26,1.83,1.26,0.065,0.9211
29,2,1.9,1.7,0.46,2.16,26,1.83,1.26,0.07,0.9238
29,2,1.9,1.7,0.46,2.16,26,1.83,1.26,0.075,0.9261
29,2,1.9,1.7,0.46,2.16,26,1.83,1.26,0.08,0.928
29,2,1.9,1.7,0.46,2.16,26,1.83,1.26,0.085,0.9294
29,2,1.9,1.7,0.46,2.16,26,1.83,1.26,0.09,0.9306
29,2,1.9,1.7,0.46,2.16,26,1.83,1.26,0.095,0.9316
29,2,1.9,1.7,0.46,2.16,26,1.83,1.26,0.1,0.9324
29,2,1.9,1.7,0.46,2.16,27,1.88,1.25,0.01,0.6475
29,2,1.9,1.7,0.46,2.16,27,1.88,1.25,0.015,0.7331
29,2,1.9,1.7,0.46,2.16,27,1.88,1.25,0.02,0.7942
29,2,1.9,1.7,0.46,2.16,27,1.88,1.25,0.025,0.8352
29,2,1.9,1.7,0.46,2.16,27,1.88,1.25,0.03,0.8609
29,2,1.9,1.7,0.46,2.16,27,1.88,1.25,0.035,0.8786
29,2,1.9,1.7,0.46,2.16,27,1.88,1.25,0.04,0.892
29,2,1.9,1.7,0.46,2.16,27,1.88,1.25,0.045,0.9023
29,2,1.9,1.7,0.46,2.16,27,1.88,1.25,0.05,0.9097
29,2,1.9,1.7,0.46,2.16,27,1.88,1.25,0.055,0.9147
29,2,1.9,1.7,0.46,2.16,27,1.88,1.25,0.06,0.9188
29,2,1.9,1.7,0.46,2.16,27,1.88,1.25,0.065,0.9222
29,2,1.9,1.7,0.46,2.16,27,1.88,1.25,0.07,0.9251
29,2,1.9,1.7,0.46,2.16,27,1.88,1.25,0.075,0.9275
29,2,1.9,1.7,0.46,2.16,27,1.88,1.25,0.08,0.9294
29,2,1.9,1.7,0.46,2.16,27,1.88,1.25,0.085,0.9309
29,2,1.9,1.7,0.46,2.16,27,1.88,1.25,0.09,0.9321
29,2,1.9,1.7,0.46,2.16,27,1.88,1.25,0.095,0.9331
29,2,1.9,1.7,0.46,2.16,27,1.88,1.25,0.1,0.934
29,2,1.9,1.7,0.46,2.16,28,1.91,1.24,0.01,0.6523
29,2,1.9,1.7,0.46,2.16,28,1.91,1.24,0.015,0.734
29,2,1.9,1.7,0.46,2.16,28,1.91,1.24,0.02,0.7935
29,2,1.9,1.7,0.46,2.16,28,1.91,1.24,0.025,0.8337
29,2,1.9,1.7,0.46,2.16,28,1.91,1.24,0.03,0.8599
29,2,1.9,1.7,0.46,2.16,28,1.91,1.24,0.035,0.878
29,2,1.9,1.7,0.46,2.16,28,1.91,1.24,0.04,0.8914
29,2,1.9,1.7,0.46,2.16,28,1.91,1.24,0.045,0.9018
29,2,1.9,1.7,0.46,2.16,28,1.91,1.24,0.05,0.9099
29,2,1.9,1.7,0.46,2.16,28,1.91,1.24,0.055,0.9154
29,2,1.9,1.7,0.46,2.16,28,1.91,1.24,0.06,0.9196
29,2,1.9,1.7,0.46,2.16,28,1.91,1.24,0.065,0.9232
29,2,1.9,1.7,0.46,2.16,28,1.91,1.24,0.07,0.9263
29,2,1.9,1.7,0.46,2.16,28,1.91,1.24,0.075,0.9286
29,2,1.9,1.7,0.46,2.16,28,1.91,1.24,0.08,0.9304
29,2,1.9,1.7,0.46,2.16,28,1.91,1.24,0.085,0.932
29,2,1.9,1.7,0.46,2.16,28,1.91,1.24,0.09,0.9333
29,2,1.9,1.7,0.46,2.16,28,1.91,1.24,0.095,0.9345
29,2,1.9,1.7,0.46,2.16,28,1.91,1.24,0.1,0.9355
29,2,1.9,1.7,0.46,2.16,30,1.65,1.34,0.01,0.6556
29,2,1.9,1.7,0.46,2.16,30,1.65,1.34,0.015,0.7338
29,2,1.9,1.7,0.46,2.16,30,1.65,1.34,0.02,0.7913
29,2,1.9,1.7,0.46,2.16,30,1.65,1.34,0.025,0.8303
29,2,1.9,1.7,0.46,2.16,30,1.65,1.34,0.03,0.856
29,2,1.9,1.7,0.46,2.16,30,1.65,1.34,0.035,0.8752
29,2,1.9,1.7,0.46,2.16,30,1.65,1.34,0.04,0.8895
29,2,1.9,1.7,0.46,2.16,30,1.65,1.34,0.045,0.9004
29,2,1.9,1.7,0.46,2.16,30,1.65,1.34,0.05,0.909
29,2,1.9,1.7,0.46,2.16,30,1.65,1.34,0.055,0.9154
29,2,1.9,1.7,0.46,2.16,30,1.65,1.34,0.06,0.9203
29,2,1.9,1.7,0.46,2.16,30,1.65,1.34,0.065,0.9246
29,2,1.9,1.7,0.46,2.16,30,1.65,1.34,0.07,0.9277
29,2,1.9,1.7,0.46,2.16,30,1.65,1.34,0.075,0.9303
29,2,1.9,1.7,0.46,2.16,30,1.65,1.34,0.08,0.9325
29,2,1.9,1.7,0.46,2.16,30,1.65,1.34,0.085,0.9342
29,2,1.9,1.7,0.46,2.16,30,1.65,1.34,0.09,0.9356
29,2,1.9,1.7,0.46,2.16,30,1.65,1.34,0.095,0.9368
29,2,1.9,1.7,0.46,2.16,30,1.65,1.34,0.1,0.9377
29,2,1.9,1.7,0.46,2.16,44,2.2,1.34,0.01,0.6539
29,2,1.9,1.7,0.46,2.16,44,2.2,1.34,0.015,0.7268
29,2,1.9,1.7,0.46,2.16,44,2.2,1.34,0.02,0.7773
29,2,1.9,1.7,0.46,2.16,44,2.2,1.34,0.025,0.8144
29,2,1.9,1.7,0.46,2.16,44,2.2,1.34,0.03,0.8434
29,2,1.9,1.7,0.46,2.16,44,2.2,1.34,0.035,0.8648
29,2,1.9,1.7,0.46,2.16,44,2.2,1.34,0.04,0.8802
29,2,1.9,1.7,0.46,2.16,44,2.2,1.34,0.045,0.8926
29,2,1.9,1.7,0.46,2.16,44,2.2,1.34,0.05,0.9028
29,2,1.9,1.7,0.46,2.16,44,2.2,1.34,0.055,0.9109
29,2,1.9,1.7,0.46,2.16,44,2.2,1.34,0.06,0.9169
29,2,1.9,1.7,0.46,2.16,44,2.2,1.34,0.065,0.9215
29,2,1.9,1.7,0.46,2.16,44,2.2,1.34,0.07,0.9251
29,2,1.9,1.7,0.46,2.16,44,2.2,1.34,0.075,0.9281
29,2,1.9,1.7,0.46,2.16,44,2.2,1.34,0.08,0.9305
29,2,1.9,1.7,0.46,2.16,44,2.2,1.34,0.085,0.9323
29,2,1.9,1.7,0.46,2.16,44,2.2,1.34,0.09,0.9338
29,2,1.9,1.7,0.46,2.16,44,2.2,1.34,0.095,0.935
29,2,1.9,1.7,0.46,2.16,44,2.2,1.34,0.1,0.936
29,2,1.9,1.7,0.46,2.16,47,1.93,1.44,0.01,0.6567
29,2,1.9,1.7,0.46,2.16,47,1.93,1.44,0.015,0.7281
29,2,1.9,1.7,0.46,2.16,47,1.93,1.44,0.02,0.7775
29,2,1.9,1.7,0.46,2.16,47,1.93,1.44,0.025,0.8134
29,2,1.9,1.7,0.46,2.16,47,1.93,1.44,0.03,0.842
29,2,1.9,1.7,0.46,2.16,47,1.93,1.44,0.035,0.8634
29,2,1.9,1.7,0.46,2.16,47,1.93,1.44,0.04,0.8791
29,2,1.9,1.7,0.46,2.16,47,1.93,1.44,0.045,0.8916
29,2,1.9,1.7,0.46,2.16,47,1.93,1.44,0.05,0.9019
29,2,1.9,1.7,0.46,2.16,47,1.93,1.44,0.055,0.9097
29,2,1.9,1.7,0.46,2.16,47,1.93,1.44,0.06,0.9156
29,2,1.9,1.7,0.46,2.16,47,1.93,1.44,0.065,0.9204
29,2,1.9,1.7,0.46,2.16,47,1.93,1.44,0.07,0.924
29,2,1.9,1.7,0.46,2.16,47,1.93,1.44,0.075,0.9269
29,2,1.9,1.7,0.46,2.16,47,1.93,1.44,0.08,0.9292
29,2,1.9,1.7,0.46,2.16,47,1.93,1.44,0.085,0.9312
29,2,1.9,1.7,0.46,2.16,47,1.93,1.44,0.09,0.9327
29,2,1.9,1.7,0.46,2.16,47,1.93,1.44,0.095,0.9339
29,2,1.9,1.7,0.46,2.16,47,1.93,1.44,0.1,0.935
30,2,1.65,3.2,-0.31,2.89,26,1.83,1.26,0.01,0.4967
30,2,1.65,3.2,-0.31,2.89,26,1.83,1.26,0.015,0.5948
30,2,1.65,3.2,-0.31,2.89,26,1.83,1.26,0.02,0.6736
30,2,1.65,3.2,-0.31,2.89,26,1.83,1.26,0.025,0.7351
30,2,1.65,3.2,-0.31,2.89,26,1.83,1.26,0.03,0.7772
30,2,1.65,3.2,-0.31,2.89,26,1.83,1.26,0.035,0.8074
30,2,1.65,3.2,-0.31,2.89,26,1.83,1.26,0.04,0.8294
30,2,1.65,3.2,-0.31,2.89,26,1.83,1.26,0.045,0.8466
30,2,1.65,3.2,-0.31,2.89,26,1.83,1.26,0.05,0.8605
30,2,1.65,3.2,-0.31,2.89,26,1.83,1.26,0.055,0.871
30,2,1.65,3.2,-0.31,2.89,26,1.83,1.26,0.06,0.8793
30,2,1.65,3.2,-0.31,2.89,26,1.83,1.26,0.065,0.8858
30,2,1.65,3.2,-0.31,2.89,26,1.83,1.26,0.07,0.8912
30,2,1.65,3.2,-0.31,2.89,26,1.83,1.26,0.075,0.8953
30,2,1.65,3.2,-0.31,2.89,26,1.83,1.26,0.08,0.8988
30,2,1.65,3.2,-0.31,2.89,26,1.83,1.26,0.085,0.9016
30,2,1.65,3.2,-0.31,2.89,26,1.83,1.26,0.09,0.9039
30,2,1.65,3.2,-0.31,2.89,26,1.83,1.26,0.095,0.9057
30,2,1.65,3.2,-0.31,2.89,26,1.83,1.26,0.1,0.9072
30,2,1.65,3.2,-0.31,2.89,27,1.88,1.25,0.01,0.4955
30,2,1.65,3.2,-0.31,2.89,27,1.88,1.25,0.015,0.593
30,2,1.65,3.2,-0.31,2.89,27,1.88,1.25,0.02,0.6718
30,2,1.65,3.2,-0.31,2.89,27,1.88,1.25,0.025,0.7316
30,2,1.65,3.2,-0.31,2.89,27,1.88,1.25,0.03,0.7748
30,2,1.65,3.2,-0.31,2.89,27,1.88,1.25,0.035,0.8067
30,2,1.65,3.2,-0.31,2.89,27,1.88,1.25,0.04,0.8298
30,2,1.65,3.2,-0.31,2.89,27,1.88,1.25,0.045,0.8472
30,2,1.65,3.2,-0.31,2.89,27,1.88,1.25,0.05,0.861
30,2,1.65,3.2,-0.31,2.89,27,1.88,1.25,0.055,0.8719
30,2,1.65,3.2,-0.31,2.89,27,1.88,1.25,0.06,0.8804
30,2,1.65,3.2,-0.31,2.89,27,1.88,1.25,0.065,0.8874
30,2,1.65,3.2,-0.31,2.89,27,1.88,1.25,0.07,0.893
30,2,1.65,3.2,-0.31,2.89,27,1.88,1.25,0.075,0.8975
30,2,1.65,3.2,-0.31,2.89,27,1.88,1.25,0.08,0.9011
30,2,1.65,3.2,-0.31,2.89,27,1.88,1.25,0.085,0.9041
30,2,1.65,3.2,-0.31,2.89,27,1.88,1.25,0.09,0.9066
30,2,1.65,3.2,-0.31,2.89,27,1.88,1.25,0.095,0.9085
30,2,1.65,3.2,-0.31,2.89,27,1.88,1.25,0.1,0.91
30,2,1.65,3.2,-0.31,2.89,28,1.91,1.24,0.01,0.4934
30,2,1.65,3.2,-0.31,2.89,28,1.91,1.24,0.015,0.5901
30,2,1.65,3.2,-0.31,2.89,28,1.91,1.24,0.02,0.6695
30,2,1.65,3.2,-0.31,2.89,28,1.91,1.24,0.025,0.7297
30,2,1.65,3.2,-0.31,2.89,28,1.91,1.24,0.03,0.7728
30,2,1.65,3.2,-0.31,2.89,28,1.91,1.24,0.035,0.8058
30,2,1.65,3.2,-0.31,2.89,28,1.91,1.24,0.04,0.8297
30,2,1.65,3.2,-0.31,2.89,28,1.91,1.24,0.045,0.8476
30,2,1.65,3.2,-0.31,2.89,28,1.91,1.24,0.05,0.8617
30,2,1.65,3.2,-0.31,2.89,28,1.91,1.24,0.055,0.8729
30,2,1.65,3.2,-0.31,2.89,28,1.91,1.24,0.06,0.8817
30,2,1.65,3.2,-0.31,2.89,28,1.91,1.24,0.065,0.8885
30,2,1.65,3.2,-0.31,2.89,28,1.91,1.24,0.07,0.894
30,2,1.65,3.2,-0.31,2.89,28,1.91,1.24,0.075,0.8984
30,2,1.65,3.2,-0.31,2.89,28,1.91,1.24,0.08,0.9022
30,2,1.65,3.2,-0.31,2.89,28,1.91,1.24,0.085,0.9053
30,2,1.65,3.2,-0.31,2.89,28,1.91,1.24,0.09,0.9078
30,2,1.65,3.2,-0.31,2.89,28,1.91,1.24,0.095,0.91
30,2,1.65,3.2,-0.31,2.89,28,1.91,1.24,0.1,0.9118
30,2,1.65,3.2,-0.31,2.89,29,1.9,1.28,0.01,0.4915
30,2,1.65,3.2,-0.31,2.89,29,1.9,1.28,0.015,0.5854
30,2,1.65,3.2,-0.31,2.89,29,1.9,1.28,0.02,0.667
30,2,1.65,3.2,-0.31,2.89,29,1.9,1.28,0.025,0.7282
30,2,1.65,3.2,-0.31,2.89,29,1.9,1.28,0.03,0.771
30,2,1.65,3.2,-0.31,2.89,29,1.9,1.28,0.035,0.8043
30,2,1.65,3.2,-0.31,2.89,29,1.9,1.28,0.04,0.8295
30,2,1.65,3.2,-0.31,2.89,29,1.9,1.28,0.045,0.848
30,2,1.65,3.2,-0.31,2.89,29,1.9,1.28,0.05,0.8621
30,2,1.65,3.2,-0.31,2.89,29,1.9,1.28,0.055,0.8736
30,2,1.65,3.2,-0.31,2.89,29,1.9,1.28,0.06,0.8825
30,2,1.65,3.2,-0.31,2.89,29,1.9,1.28,0.065,0.8891
30,2,1.65,3.2,-0.31,2.89,29,1.9,1.28,0.07,0.8945
30,2,1.65,3.2,-0.31,2.89,29,1.9,1.28,0.075,0.8991
30,2,1.65,3.2,-0.31,2.89,29,1.9,1.28,0.08,0.9029
30,2,1.65,3.2,-0.31,2.89,29,1.9,1.28,0.085,0.9062
30,2,1.65,3.2,-0.31,2.89,29,1.9,1.28,0.09,0.9088
30,2,1.65,3.2,-0.31,2.89,29,1.9,1.28,0.095,0.9111
30,2,1.65,3.2,-0.31,2.89,29,1.9,1.28,0.1,0.9129
30,2,1.65,3.2,-0.31,2.89,44,2.2,1.34,0.01,0.5018
30,2,1.65,3.2,-0.31,2.89,44,2.2,1.34,0.015,0.5891
30,2,1.65,3.2,-0.31,2.89,44,2.2,1.34,0.02,0.6612
30,2,1.65,3.2,-0.31,2.89,44,2.2,1.34,0.025,0.7152
30,2,1.65,3.2,-0.31,2.89,44,2.2,1.34,0.03,0.7572
30,2,1.65,3.2,-0.31,2.89,44,2.2,1.34,0.035,0.7907
30,2,1.65,3.2,-0.31,2.89,44,2.2,1.34,0.04,0.8169
30,2,1.65,3.2,-0.31,2.89,44,2.2,1.34,0.045,0.8385
30,2,1.65,3.2,-0.31,2.89,44,2.2,1.34,0.05,0.8553
30,2,1.65,3.2,-0.31,2.89,44,2.2,1.34,0.055,0.8682
30,2,1.65,3.2,-0.31,2.89,44,2.2,1.34,0.06,0.8783
30,2,1.65,3.2,-0.31,2.89,44,2.2,1.34,0.065,0.8861
30,2,1.65,3.2,-0.31,2.89,44,2.2,1.34,0.07,0.8922
30,2,1.65,3.2,-0.31,2.89,44,2.2,1.34,0.075,0.8971
30,2,1.65,3.2,-0.31,2.89,44,2.2,1.34,0.08,0.901
30,2,1.65,3.2,-0.31,2.89,44,2.2,1.34,0.085,0.9043
30,2,1.65,3.2,-0.31,2.89,44,2.2,1.34,0.09,0.907
30,2,1.65,3.2,-0.31,2.89,44,2.2,1.34,0.095,0.9092
30,2,1.65,3.2,-0.31,2.89,44,2.2,1.34,0.1,0.911
30,2,1.65,3.2,-0.31,2.89,47,1.93,1.44,0.01,0.5051
30,2,1.65,3.2,-0.31,2.89,47,1.93,1.44,0.015,0.5904
30,2,1.65,3.2,-0.31,2.89,47,1.93,1.44,0.02,0.6618
30,2,1.65,3.2,-0.31,2.89,47,1.93,1.44,0.025,0.7147
30,2,1.65,3.2,-0.31,2.89,47,1.93,1.44,0.03,0.7562
30,2,1.65,3.2,-0.31,2.89,47,1.93,1.44,0.035,0.7899
30,2,1.65,3.2,-0.31,2.89,47,1.93,1.44,0.04,0.8159
30,2,1.65,3.2,-0.31,2.89,47,1.93,1.44,0.045,0.8371
30,2,1.65,3.2,-0.31,2.89,47,1.93,1.44,0.05,0.8541
30,2,1.65,3.2,-0.31,2.89,47,1.93,1.44,0.055,0.8668
30,2,1.65,3.2,-0.31,2.89,47,1.93,1.44,0.06,0.8769
30,2,1.65,3.2,-0.31,2.89,47,1.93,1.44,0.065,0.8846
30,2,1.65,3.2,-0.31,2.89,47,1.93,1.44,0.07,0.8908
30,2,1.65,3.2,-0.31,2.89,47,1.93,1.44,0.075,0.8956
30,2,1.65,3.2,-0.31,2.89,47,1.93,1.44,0.08,0.8997
30,2,1.65,3.2,-0.31,2.89,47,1.93,1.44,0.085,0.903
30,2,1.65,3.2,-0.31,2.89,47,1.93,1.44,0.09,0.9056
30,2,1.65,3.2,-0.31,2.89,47,1.93,1.44,0.095,0.9078
30,2,1.65,3.2,-0.31,2.89,47,1.93,1.44,0.1,0.9095
