TMO_AN,TMO_VS,Mod_AN,Mod_MF,Support_AN,[NO3−],pH,potential,Mod_Method,Support_porous foam,Support_mesh,Support_fiber,Support_sheet,Morphology_particle,Morphology_sphere,Morphology_wire,Morphology_rod,Morphology_tube,Morphology_belt,Morphology_sheet,Faradaic efficiency
22,4,22,0,6,0.1,7.4,-1.2,1,0,0,1,0,1,0,0,0,0,0,0,0.5017
22,4,27,0.0021,6,0.4,7.4,-0.72,0,0,0,1,0,0,0,0,0,0,0,1,0.816
22,4,26,0.0453,6,0.4,7.4,-1.12,0,0,0,1,0,0,0,0,0,0,0,1,0.532
22,4,27,0.1722,22,0.1,13,-0.2,1,0,0,0,1,0,0,0,0,0,1,0,0.8719
26,3,26,0,6,0.1,7.4,-1.2,1,0,0,1,0,1,0,0,0,0,0,0,0.339
26,3,26,0,6,0.1,7,-1,1,0,0,1,0,0,0,0,1,0,0,0,0.1993
26,3,26,0,6,0.05,14,-0.5,1,0,0,1,0,0,0,0,0,0,0,1,0.871
26,2.67,26,0,28,0.0144,7,-0.69,1,1,0,0,0,0,0,0,0,0,0,1,0.7771
26,2.67,26,0,6,0.01,13,-1.1,1,0,0,1,0,1,0,0,0,0,0,0,0.6476
26,2.67,29,0.061,6,0.1,13,-0.3,1,0,0,1,0,0,0,0,0,0,0,1,0.6157
27,2.67,27,0,6,0.1,13,-0.6,1,0,0,1,0,0,0,1,0,0,0,0,0.8778
27,2.67,47,0,6,0.0144,7,-0.35,1,0,0,1,0,0,0,1,0,0,0,0,0.7839
27,2.67,27,0,27,0.005,7,-0.4,1,1,0,0,0,0,0,0,0,1,0,0,0.8996
27,2.67,27,0,6,0.1,7,-1.2,1,0,0,1,0,0,0,1,0,0,0,0,0.8549
27,2.67,47,0.0016,6,0.0144,7,-0.65,0,0,0,1,0,0,0,1,0,0,0,0,0.8856
27,2.67,29,0.073,6,0.5,14,-0.3,1,0,0,1,0,0,1,0,0,0,0,0,0.9487
27,2.67,26,0.0645,6,0.1,13,-1,1,1,0,0,0,0,0,1,0,0,0,0,0.8197
29,2,29,0,6,0.4,14,-1,1,0,0,1,0,0,1,0,0,0,0,0,0.5152
29,1,29,0,29,1,12,-0.4,1,1,0,0,0,0,0,1,0,0,0,0,0.4871
29,1,29,0,29,3,14,0,1,1,0,0,0,0,0,1,0,0,0,0,0.1114
29,1,29,0,6,0.0036,14,-0.376,1,0,0,1,0,0,1,0,0,0,0,0,0.4697
29,2,29,0,29,0.0144,7,-0.645,1,1,0,0,0,0,0,1,0,0,0,0,0.8311
29,1,28,0.0255,29,0.1,14,0,1,0,1,0,0,0,0,1,0,0,0,0,0.8775
29,1,44,0.01,29,0.1,14,0,0,1,0,0,0,0,0,1,0,0,0,0,0.997
29,1,44,0.04,29,1,14,-0.4,0,1,0,0,0,0,0,1,0,0,0,0,0.6523
29,2,27,0.0198,29,0.0072,7.4,-0.43,1,1,0,0,0,0,0,0,0,0,0,1,0.8342
30,2,29,0.3345,26,0.001,13,-0.6,0,0,1,0,0,0,0,1,0,0,0,0,0.3779
23,5,23,0,6,0.1,1,-0.7,1,0,0,1,0,0,0,0,0,0,1,0,0.3543
23,5,26,0.046,6,0.01,14,-0.7,1,0,0,1,0,0,0,0,0,0,1,0,0.4669
23,5,26,0.118,6,0.1,14,-0.7,1,0,0,1,0,0,0,0,0,0,1,0,0.754
30,2,29,0.3345,29,0.05,13,-0.6,0,0,1,0,0,0,0,1,0,0,0,0,0.7809
29,2,29,0,26,0.1,14,-0.3,1,0,1,0,0,1,0,0,0,0,0,0,0.6512
29,2,29,0,26,0.1,14,-0.3,1,0,1,0,0,1,0,0,0,0,0,0,0.6512
29,2,29,0,26,0.0072,14,-0.15,1,0,1,0,0,1,0,0,0,0,0,0,0.59
22,4,22,0,6,0.1,7.4,-1.1,1,0,0,1,0,1,0,0,0,0,0,0,0.4643
22,4,27,0.0057,6,0.4,7.4,-0.72,0,0,0,1,0,0,0,0,0,0,0,1,0.901
22,4,27,0.1722,22,0.1,13,-0.9,1,0,0,0,1,0,0,0,0,0,1,0,0.78
22,4,26,0.0453,6,0.4,7.4,-0.92,0,0,0,1,0,0,0,0,0,0,0,1,0.621
26,3,26,0,6,0.1,7.4,-1.1,1,0,0,1,0,1,0,0,0,0,0,0,0.3913
26,3,26,0,6,0.1,7,-0.9,1,0,0,1,0,0,0,0,1,0,0,0,0.6976
26,3,26,0,6,0.01,14,-0.5,1,0,0,1,0,0,0,0,0,0,0,1,0.892
26,2.67,26,0,28,0.0144,7,-0.29,1,1,0,0,0,0,0,0,0,0,0,1,0.568
26,2.67,26,0,6,0.01,13,-0.9,1,0,0,1,0,1,0,0,0,0,0,0,0.6614
26,2.67,29,0.061,6,0.1,13,-0.4,1,0,0,1,0,0,0,0,0,0,0,1,0.8032
27,2.67,27,0,6,0.02,13,-0.5,1,0,0,1,0,0,0,1,0,0,0,0,0.697
27,2.67,27,0,6,0.1,13,-0.4,1,0,0,1,0,0,0,0,0,0,0,1,0.859
27,2.67,27,0,6,0.01,13,-0.3,1,0,0,1,0,1,0,0,0,0,0,0,0.6869
27,2.67,27,0,6,0.1,7,-1,1,0,0,1,0,0,0,1,0,0,0,0,0.8448
27,2.67,47,0.007,6,0.0144,7,-0.65,0,0,0,1,0,0,0,1,0,0,0,0,0.9004
27,2.67,26,0.0645,6,0.1,13,-0.9,1,1,0,0,0,0,0,1,0,0,0,0,0.8494
27,2.67,29,0.073,6,0.1,14,-0.3,1,0,0,1,0,0,1,0,0,0,0,0,1
29,1,44,0.01,29,1,7,-0.4,0,1,0,0,0,0,0,1,0,0,0,0,0.4506
29,1,29,0,29,3,14,-0.1,1,1,0,0,0,0,0,1,0,0,0,0,0.2027
29,1,29,0,29,1,12,-0.3,1,1,0,0,0,0,0,1,0,0,0,0,0.4298
29,1,29,0,6,0.0036,14,-0.476,1,0,0,1,0,0,1,0,0,0,0,0,0.293
29,1,28,0.0255,29,0.1,14,-0.1,1,0,1,0,0,0,0,1,0,0,0,0,0.9156
29,1,44,0.01,29,0.1,14,-0.1,0,1,0,0,0,0,0,1,0,0,0,0,0.9906
29,4,44,0.04,29,1,14,-0.3,0,1,0,0,0,0,0,1,0,0,0,0,0.6274
29,1,44,0.01,29,1,12,-0.3,0,1,0,0,0,0,0,1,0,0,0,0,0.6547
29,2,27,0.0198,29,0.0072,7.4,-0.53,1,1,0,0,0,0,0,0,0,0,0,1,0.9166
30,2,29,0.3345,26,0.005,13,-0.6,0,0,1,0,0,0,0,1,0,0,0,0,0.4474
23,5,26,0.069,6,0.1,14,-0.7,1,0,0,1,0,0,0,0,0,0,1,0,0.8742
23,5,26,0.027,6,0.1,14,-0.7,1,0,0,1,0,0,0,0,0,0,1,0,0.8283
23,5,23,0,6,0.1,1,-0.8,1,0,0,1,0,0,0,0,0,0,1,0,0.2453
29,2,29,0,6,1,14,-0.5,1,0,0,1,0,0,1,0,0,0,0,0,0.6144
29,1,29,0,26,0.1,14,-0.3,1,0,1,0,0,1,0,0,0,0,0,0,0.882
29,1,29,0,26,0.1,14,-0.3,1,0,1,0,0,1,0,0,0,0,0,0,0.882
29,1,29,0,26,0.0072,14,-0.15,1,0,1,0,0,1,0,0,0,0,0,0,0.628
22,4,22,0,6,0.1,7.4,-1,1,0,0,1,0,1,0,0,0,0,0,0,0.452
22,4,27,0.0453,6,0.4,7.4,-0.72,0,0,0,1,0,0,0,0,0,0,0,1,0.845
22,4,27,0.1722,22,0.1,13,-0.8,1,0,0,0,1,0,0,0,0,0,1,0,0.8177
22,4,26,0.0453,6,0.4,7.4,-0.72,0,0,0,1,0,0,0,0,0,0,0,1,0.801
26,3,26,0,6,0.1,7.4,-1,1,0,0,1,0,1,0,0,0,0,0,0,0.3807
26,3,26,0,6,0.001,14,-0.5,1,0,0,1,0,0,0,0,0,0,0,1,0.8242
26,3,26,0,6,0.1,7,-0.8,1,0,0,1,0,0,0,0,1,0,0,0,0.4436
26,2.67,26,0,28,0.0144,7,-0.39,1,1,0,0,0,0,0,0,0,0,0,1,0.6524
26,2.67,26,0,6,0.01,13,-0.7,1,0,0,1,0,1,0,0,0,0,0,0,0.6893
26,2.67,29,0.061,6,0.1,13,-0.5,1,0,0,1,0,0,0,0,0,0,0,1,0.8656
27,2.67,27,0,6,0.01,13,-0.5,1,0,0,1,0,1,0,0,0,0,0,0,0.6571
27,2.67,47,0,6,0.0144,7,-0.45,1,0,0,1,0,0,0,1,0,0,0,0,0.8727
27,2.67,27,0,27,0.01,7,-0.4,1,1,0,0,0,0,0,0,0,1,0,0,0.5951
27,2.67,27,0,6,0.1,7,-0.8,1,0,0,1,0,0,0,1,0,0,0,0,0.8863
27,2.67,47,0.01,6,0.0144,7,-0.65,0,0,0,1,0,0,0,1,0,0,0,0,0.9139
27,2.67,26,0.0645,6,0.1,13,-0.8,1,1,0,0,0,0,0,1,0,0,0,0,0.9043
27,2.67,29,0.073,6,1,14,-0.5,1,0,0,1,0,0,1,0,0,0,0,0,0.9722
29,1,44,0.01,29,3,14,0,0,1,0,0,0,0,0,1,0,0,0,0,0.1913
29,1,29,0,29,0.1,14,-0.4,1,0,1,0,0,0,0,1,0,0,0,0,0.931
29,1,29,0,29,1,12,-0.2,1,1,0,0,0,0,0,1,0,0,0,0,0.4029
29,1,29,0,29,3,14,-0.2,1,1,0,0,0,0,0,1,0,0,0,0,0.2712
29,2,29,0,29,0.1,14,-0.5,1,1,0,0,0,0,0,1,0,0,0,0,0.836
29,2,27,0.0198,29,0.0072,7.4,-0.63,1,1,0,0,0,0,0,0,0,0,0,1,0.9599
29,1,28,0.0255,29,0.1,14,-0.2,1,0,1,0,0,0,0,1,0,0,0,0,0.9541
29,1,44,0.01,29,0.1,14,-0.2,0,1,0,0,0,0,0,1,0,0,0,0,0.9581
29,4,44,0.04,29,1,14,-0.2,0,1,0,0,0,0,0,1,0,0,0,0,0.5331
30,2,29,0.3345,26,0.01,13,-0.6,0,0,1,0,0,0,0,1,0,0,0,0,0.5476
23,5,26,0.046,6,0.05,14,-0.7,1,0,0,1,0,0,0,0,0,0,1,0,0.8146
23,5,26,0.046,6,0.1,14,-0.2,1,0,0,1,0,0,0,0,0,0,1,0,0.6491
23,5,23,0,6,0.1,1,-0.6,1,0,0,1,0,0,0,0,0,0,1,0,0.427
30,2,30,0,26,0.05,13,-0.6,1,0,1,0,0,0,0,1,0,0,0,0,0.1233
29,2,29,0.0347,26,0.1,14,-0.3,1,0,1,0,0,1,0,0,0,0,0,0,0.8313
29,2,29,0.0347,26,0.1,14,-0.3,1,0,1,0,0,1,0,0,0,0,0,0,0.8313
29,2,29,0.0347,26,0.0072,14,-0.15,1,0,1,0,0,1,0,0,0,0,0,0,0.702
22,4,22,0,6,0.1,7.4,-0.9,1,0,0,1,0,1,0,0,0,0,0,0,0.3472
22,4,27,0.0207,6,0.4,7.4,-0.72,0,0,0,1,0,0,0,0,0,0,0,1,0.863
22,4,27,0.1722,22,0.1,13,-0.7,1,0,0,0,1,0,0,0,0,0,1,0,0.8493
22,4,26,0.0453,6,0.4,7.4,-0.52,0,0,0,1,0,0,0,0,0,0,0,1,0.924
26,3,26,0,6,0.1,7.4,-0.9,1,0,0,1,0,1,0,0,0,0,0,0,0.3599
26,3,26,0,6,0.1,14,-0.5,1,0,0,1,0,1,0,0,0,0,0,0,0.843
26,3,26,0,6,0.1,7,-0.7,1,0,0,1,0,0,0,0,1,0,0,0,0.4121
26,2.67,26,0,28,0.0144,7,-0.49,1,1,0,0,0,0,0,0,0,0,0,1,0.7761
26,2.67,26,0,6,0.01,13,-0.5,1,0,0,1,0,1,0,0,0,0,0,0,0.6843
26,2.67,26,0,26,0.1,13,-0.2,1,0,0,0,1,1,0,0,0,0,0,0,0.7316
27,2.67,27,0,6,0.1,7,-0.6,1,0,0,1,0,0,0,1,0,0,0,0,0.8736
27,2.67,47,0,6,0.0144,7,-0.55,1,0,0,1,0,0,0,1,0,0,0,0,0.9
27,2.67,27,0,6,0.01,13,-0.7,1,0,0,1,0,1,0,0,0,0,0,0,0.6258
27,2.67,27,0,6,0.1,13,-0.5,1,1,0,0,0,0,0,1,0,0,0,0,0.733
27,2.67,47,0.02,6,0.0144,7,-0.65,0,0,0,1,0,0,0,1,0,0,0,0,0.9372
27,2.67,26,0.0645,6,0.1,13,-0.7,1,1,0,0,0,0,0,1,0,0,0,0,0.934
27,2.67,29,0.073,6,1,14,-0.4,1,0,0,1,0,0,1,0,0,0,0,0,0.9826
29,1,44,0.01,29,3,14,-0.1,0,1,0,0,0,0,0,1,0,0,0,0,0.5109
29,1,29,0,29,1,12,-0.1,1,1,0,0,0,0,0,1,0,0,0,0,0.2805
29,1,29,0,29,3,14,-0.3,1,1,0,0,0,0,0,1,0,0,0,0,0.3282
29,1,29,0,6,0.0036,14,-0.276,1,0,0,1,0,0,1,0,0,0,0,0,0.5783
29,2,29,0,29,0.1,14,0,1,1,0,0,0,0,0,1,0,0,0,0,0.3054
29,2,27,0.0198,29,0.0072,7.4,-0.73,1,1,0,0,0,0,0,0,0,0,0,1,0.8591
29,1,28,0.0255,29,0.1,14,-0.3,1,0,1,0,0,0,0,1,0,0,0,0,1
29,1,44,0.01,29,0.1,14,-0.3,0,1,0,0,0,0,0,1,0,0,0,0,0.9327
29,4,44,0.04,29,1,14,-0.1,0,1,0,0,0,0,0,1,0,0,0,0,0.3838
30,2,29,0.3345,26,0.1,13,-0.3,0,0,1,0,0,0,0,1,0,0,0,0,0.1251
23,5,26,0.046,6,0.1,14,-0.7,1,0,0,1,0,0,0,0,0,0,1,0,0.971
23,5,26,0.046,6,0.2,14,-0.7,1,0,0,1,0,0,0,0,0,0,1,0,0.8946
23,5,23,0,6,0.1,1,-0.5,1,0,0,1,0,0,0,0,0,0,1,0,0.3742
30,2,29,0.3345,6,0.05,13,-0.6,0,0,0,1,0,0,0,1,0,0,0,0,0.6365
29,1,28,0.0347,26,0.1,14,-0.3,1,0,1,0,0,1,0,0,0,0,0,0,0.941
29,1,28,0.0347,26,0.1,14,-0.3,1,0,1,0,0,1,0,0,0,0,0,0,0.941
29,2,30,0.0347,26,0.0072,14,-0.15,1,0,1,0,0,1,0,0,0,0,0,0,0.739
22,4,22,0,6,0.1,7.4,-0.8,1,0,0,1,0,1,0,0,0,0,0,0,0.3098
22,4,27,0.0135,6,0.4,7.4,-0.72,0,0,0,1,0,0,0,0,0,0,0,1,0.974
22,4,27,0.1722,22,0.1,13,-0.6,1,0,0,0,1,0,0,0,0,0,1,0,0.8942
22,4,29,0.029,6,0.4,7.4,-1.12,0,0,0,1,0,0,0,0,0,0,0,1,0.441
26,3,26,0,6,0.1,7.4,-0.8,1,0,0,1,0,1,0,0,0,0,0,0,0.2618
26,3,26,0,6,0.1,7,-0.6,1,0,0,1,0,0,0,0,1,0,0,0,0.1134
26,3,26,0,6,0.1,14,-0.45,1,0,0,1,0,1,0,0,0,0,0,0,0.8312
26,2.67,26,0,26,0.1,13,-0.3,1,0,0,0,1,1,0,0,0,0,0,0,0.7366
26,2.67,26,0,6,0.01,13,-0.3,1,0,0,1,0,1,0,0,0,0,0,0,0.7647
26,2.67,29,0.061,6,0.1,13,-0.7,1,0,0,1,0,0,0,0,0,0,0,1,0.9523
27,2.67,27,0,6,0.01,13,-0.9,1,0,0,1,0,1,0,0,0,0,0,0,0.6049
27,2.67,27,0,6,1,14,-0.2,1,0,0,1,0,0,1,0,0,0,0,0,0.8856
27,2.67,47,0,6,0.0144,7,-0.65,1,0,0,1,0,0,0,1,0,0,0,0,0.8945
27,2.67,27,0,6,0.1,7,-0.4,1,0,0,1,0,0,0,1,0,0,0,0,0.8045
27,2.67,47,0.015,6,0.1008,7,-0.75,0,0,0,1,0,0,0,1,0,0,0,0,0.9561
27,2.67,26,0.0645,6,0.1,13,-0.5,1,1,0,0,0,0,0,1,0,0,0,0,0.965
27,2.67,29,0.073,6,1,14,-0.3,1,0,0,1,0,0,1,0,0,0,0,0,1
30,2,29,0.3345,26,0.1,13,-0.7,0,0,1,0,0,0,0,1,0,0,0,0,0.2058
29,1,29,0,29,3,14,-0.4,1,1,0,0,0,0,0,1,0,0,0,0,0.3852
29,1,29,0,29,1,12,0,1,1,0,0,0,0,0,1,0,0,0,0,0.2536
29,1,29,0,6,0.0036,14,-0.176,1,0,0,1,0,0,1,0,0,0,0,0,0.5508
29,2,29,0,6,1,14,-0.3,1,0,0,1,0,0,1,0,0,0,0,0,0.5264
29,2,27,0.0198,29,0.0072,7.4,-0.83,1,1,0,0,0,0,0,0,0,0,0,1,0.8126
29,1,28,0.0255,29,0.1,14,-0.4,1,0,1,0,0,0,0,1,0,0,0,0,0.9456
29,1,44,0.01,29,0.1,14,-0.4,0,1,0,0,0,0,0,1,0,0,0,0,0.9066
29,4,44,0.04,29,1,14,0,0,1,0,0,0,0,0,1,0,0,0,0,0.2892
30,2,29,0.3345,26,0.1,13,-0.4,0,0,1,0,0,0,0,1,0,0,0,0,0.1856
23,5,26,0.046,6,0.5,14,-0.7,1,0,0,1,0,0,0,0,0,0,1,0,0.7077
23,5,26,0.046,6,0.1,14,-0.3,1,0,0,1,0,0,0,0,0,0,1,0,0.7118
23,5,23,0,6,0.1,1,-0.4,1,0,0,1,0,0,0,0,0,0,1,0,0.2783
27,2.67,27,0,22,0.1,7.4,-0.7,1,0,1,0,0,0,0,0,0,0,0,1,0.893
29,2,27,0.0347,26,0.1,14,-0.3,1,0,1,0,0,1,0,0,0,0,0,0,0.839
29,1,30,0.0347,26,0.0072,14,-0.15,1,0,1,0,0,1,0,0,0,0,0,0,0.713
29,2,27,0.0347,26,0.0072,14,-0.15,1,0,1,0,0,1,0,0,0,0,0,0,0.643
22,4,22,0,6,0.4,7.4,-0.52,1,0,0,1,0,0,0,0,0,0,0,1,0.751
22,4,27,0.0135,6,0.4,7.4,-0.52,0,0,0,1,0,0,0,0,0,0,0,1,0.752
22,4,27,0.1722,22,0.1,13,-0.5,1,0,0,0,1,0,0,0,0,0,1,0,0.982
22,4,29,0.029,6,0.4,7.4,-0.92,0,0,0,1,0,0,0,0,0,0,0,1,0.442
26,3,26,0,6,0.02,13,-0.5,1,0,0,1,0,0,0,1,0,0,0,0,0.864
26,3,26,0,6,0.1,14,-0.2,1,0,0,1,0,0,0,0,0,0,0,1,0.6027
26,3,26,0,6,0.1,14,-0.4,1,0,0,1,0,1,0,0,0,0,0,0,0.8194
26,2.67,26,0,26,0.1,13,-0.4,1,0,0,0,1,1,0,0,0,0,0,0,0.8351
26,2.67,26,0,6,0.1,13,-0.8,1,1,0,0,0,1,0,0,0,0,0,0,0.7237
26,2.67,29,0.061,6,0.05,13,-0.6,1,0,0,1,0,0,0,0,0,0,0,1,0.872
27,2.67,27,0,28,0.01,7,-0.546,1,1,0,0,0,0,0,0,0,0,0,1,0.9861
27,2.67,27,0,6,0.01,13,-1.1,1,0,0,1,0,1,0,0,0,0,0,0,0.6102
27,2.67,27,0,6,0.1,7.4,-0.6,1,0,0,1,0,0,0,0,0,0,0,1,0.828
27,2.67,27,0,6,1,14,-0.4,1,0,0,1,0,0,1,0,0,0,0,0,0.9124
27,2.67,47,0.015,6,0.1008,7,-0.85,0,0,0,1,0,0,0,1,0,0,0,0,0.9201
27,2.67,26,0.0645,6,0.1,13,-0.6,1,1,0,0,0,0,0,1,0,0,0,0,0.9425
27,2.67,29,0.073,6,1,14,-0.2,1,0,0,1,0,0,1,0,0,0,0,0,0.9403
29,1,29,0,6,0.0036,14,-0.076,1,0,0,1,0,0,1,0,0,0,0,0,0.3077
29,1,29,0,29,1,14,0,1,1,0,0,0,0,0,1,0,0,0,0,0.2109
29,1,29,0,29,1,7,-0.4,1,1,0,0,0,0,0,1,0,0,0,0,0.4965
29,1,29,0,29,0.1,14,-0.2,1,0,1,0,0,0,0,1,0,0,0,0,0.7434
29,1,44,0.01,29,1,12,-0.4,0,1,0,0,0,0,0,1,0,0,0,0,0.7007
29,1,44,0.01,29,3,14,-0.4,0,1,0,0,0,0,0,1,0,0,0,0,0.71
29,1,44,0.01,29,1,14,0,0,1,0,0,0,0,0,1,0,0,0,0,0.244
29,1,44,0.01,29,1,14,-0.1,0,1,0,0,0,0,0,1,0,0,0,0,0.5507
29,2,30,0.015,29,0.01,7,-1,1,0,0,0,1,0,0,0,0,0,0,1,0.7351
23,5,23,0,6,0.1,1,-0.3,1,0,0,1,0,0,0,0,0,0,1,0,0.2354
30,2,29,0.3345,26,0.1,13,-0.5,0,0,1,0,0,0,0,1,0,0,0,0,0.2321
23,5,26,0.046,6,0.1,1,-0.8,1,0,0,1,0,0,0,0,0,0,1,0,0.5709
23,5,26,0.046,6,0.1,1,-0.6,1,0,0,1,0,0,0,0,0,0,1,0,0.723
29,2,29,0,6,1,14,-0.2,1,0,0,1,0,0,1,0,0,0,0,0,0.1223
29,1,27,0.0347,26,0.1,14,-0.3,1,0,1,0,0,1,0,0,0,0,0,0,0.9
29,2,47,0.0347,26,0.1,14,-0.3,1,0,1,0,0,1,0,0,0,0,0,0,0.864
29,1,27,0.0347,26,0.0072,14,-0.15,1,0,1,0,0,1,0,0,0,0,0,0,0.738
22,4,22,0,6,0.4,7.4,-0.92,1,0,0,1,0,0,0,0,0,0,0,1,0.623
22,4,27,0.0135,6,0.4,7.4,-0.92,0,0,0,1,0,0,0,0,0,0,0,1,0.771
22,4,27,0.1722,22,0.1,13,-0.4,1,0,0,0,1,0,0,0,0,0,1,0,0.8942
22,4,29,0.029,6,0.4,7.4,-0.72,0,0,0,1,0,0,0,0,0,0,0,1,0.553
26,3,26,0,6,0.1,14,-0.35,1,0,0,1,0,1,0,0,0,0,0,0,0.7841
26,3,26,0,6,0.1,14,-0.3,1,0,0,1,0,1,0,0,0,0,0,0,0.6819
26,2.67,26,0,6,0.1,13,-0.7,1,1,0,0,0,1,0,0,0,0,0,0,0.8038
26,3,26,0,6,0.1,14,-0.25,1,0,0,1,0,0,0,0,0,0,0,1,0.7674
26,2.67,26,0,26,0.1,13,-0.5,1,0,0,0,1,1,0,0,0,0,0,0,0.915
26,2.67,29,0.061,6,0.005,13,-0.6,1,0,0,1,0,0,0,0,0,0,0,1,0.403
27,2.67,27,0,6,0.01,7,-1,1,0,0,1,0,0,0,1,0,0,0,0,0.3258
27,2.67,27,0,27,0.1,7,-0.4,1,1,0,0,0,0,0,0,0,1,0,0,0.8359
27,2.67,27,0,27,0.1,7,-1.2,1,1,0,0,0,0,0,0,0,1,0,0,0.7994
27,2.67,47,0.015,6,0.1008,7,-0.95,0,0,0,1,0,0,0,1,0,0,0,0,0.9201
27,2.67,47,0.015,6,0.0144,7,-0.75,0,0,0,1,0,0,0,1,0,0,0,0,0.8296
27,2.67,29,0.073,6,1,14,-0.1,1,0,0,1,0,0,1,0,0,0,0,0,0.764
27,2.67,47,0.015,6,0.0144,7,-0.65,0,0,0,1,0,0,0,1,0,0,0,0,0.9611
29,1,29,0,29,0.1,14,-0.3,1,0,1,0,0,0,0,1,0,0,0,0,0.7965
29,1,29,0,29,1,14,-0.1,1,1,0,0,0,0,0,1,0,0,0,0,0.2694
29,1,29,0,29,1,14,-0.2,1,1,0,0,0,0,0,1,0,0,0,0,0.4042
29,1,29,0,29,1,7,-0.3,1,1,0,0,0,0,0,1,0,0,0,0,0.3372
29,1,44,0.01,29,1,14,-0.2,0,1,0,0,0,0,0,1,0,0,0,0,0.6421
29,1,44,0.01,29,1,14,-0.3,0,1,0,0,0,0,0,1,0,0,0,0,0.7369
29,1,44,0.01,29,3,14,-0.3,0,1,0,0,0,0,0,1,0,0,0,0,0.6933
29,2,30,0.015,29,0.01,7,-0.9,1,0,0,0,1,0,0,0,0,0,0,1,0.7853
29,2,29,0,29,0.1,14,-0.1,1,1,0,0,0,0,0,1,0,0,0,0,0.5063
30,2,29,0.3345,26,0.1,13,-0.9,0,0,1,0,0,0,0,1,0,0,0,0,0.1204
30,2,29,0.3345,26,0.1,13,-0.6,0,0,1,0,0,0,0,1,0,0,0,0,0.3159
23,5,26,0.046,6,0.1,1,-0.7,1,0,0,1,0,0,0,0,0,0,1,0,0.6041
23,5,26,0.046,6,0.1,14,-0.4,1,0,0,1,0,0,0,0,0,0,1,0,0.7517
23,5,23,0,6,0.1,14,-0.7,1,0,0,1,0,0,0,0,0,0,1,0,0.5712
29,1,47,0.0347,26,0.1,14,-0.3,1,0,1,0,0,1,0,0,0,0,0,0,0.856
29,2,26,0.0347,26,0.1,14,-0.3,1,0,1,0,0,1,0,0,0,0,0,0,0.86
29,2,47,0.0347,26,0.0072,14,-0.15,1,0,1,0,0,1,0,0,0,0,0,0,0.755
22,4,22,0,6,0.4,7.4,-1.12,1,0,0,1,0,0,0,0,0,0,0,1,0.543
22,4,27,0.0135,6,0.4,7.4,-1.12,0,0,0,1,0,0,0,0,0,0,0,1,0.644
22,4,27,0.1722,22,0.1,13,-0.3,1,0,0,0,1,0,0,0,0,0,1,0,0.8764
22,4,27,0.0135,6,0.8,7.4,-0.72,0,0,0,1,0,0,0,0,0,0,0,1,0.74
26,3,26,0,6,0.1,14,-0.2,1,0,0,1,0,1,0,0,0,0,0,0,0.3442
26,3,26,0,6,0.1,14,-0.25,1,0,0,1,0,1,0,0,0,0,0,0,0.6151
26,2.67,26,0,28,0.0144,7,-0.59,1,1,0,0,0,0,0,0,0,0,0,1,0.6708
26,2.67,26,0,6,0.1,13,-0.6,1,1,0,0,0,1,0,0,0,0,0,0,0.8323
26,2.67,26,0,26,0.1,13,-0.6,1,0,0,0,1,1,0,0,0,0,0,0,0.8841
26,2.67,29,0.061,6,0.1,13,-0.6,1,0,0,1,0,0,0,0,0,0,0,1,1
27,2.67,27,0,6,1,14,-0.3,1,0,0,1,0,0,1,0,0,0,0,0,0.8944
27,2.67,47,0.015,6,0.0144,7,-0.35,0,0,0,1,0,0,0,1,0,0,0,0,0.6757
27,2.67,27,0,27,0.1,7,-0.6,1,1,0,0,0,0,0,0,0,1,0,0,0.9996
27,2.67,47,0.015,6,0.0144,7,-0.55,0,0,0,1,0,0,0,1,0,0,0,0,0.9402
27,2.67,29,0.073,6,0.01,14,-0.3,1,0,0,1,0,0,1,0,0,0,0,0,0.4383
27,2.67,47,0.015,6,0.0144,7,-0.45,0,0,0,1,0,0,0,1,0,0,0,0,0.9212
27,2.67,26,0.0645,6,0.1,13,-0.4,1,1,0,0,0,0,0,1,0,0,0,0,0.8916
29,1,29,0,29,1,14,-0.3,1,1,0,0,0,0,0,1,0,0,0,0,0.4755
29,1,29,0,29,1,7,-0.1,1,1,0,0,0,0,0,1,0,0,0,0,0.2647
29,1,29,0,29,1,7,-0.2,1,1,0,0,0,0,0,1,0,0,0,0,0.3806
29,1,29,0,29,1,14,-0.4,1,1,0,0,0,0,0,1,0,0,0,0,0.4946
29,1,44,0.01,29,1,14,-0.4,0,1,0,0,0,0,0,1,0,0,0,0,0.75
29,1,44,0.01,29,1,7,0,0,1,0,0,0,0,0,1,0,0,0,0,0.4656
29,1,44,0.01,29,3,14,-0.2,0,1,0,0,0,0,0,1,0,0,0,0,0.6325
29,2,30,0.015,29,0.01,7,-0.8,1,0,0,0,1,0,0,0,0,0,0,1,0.8648
29,2,29,0,29,0.1,14,-0.2,1,1,0,0,0,0,0,1,0,0,0,0,0.6804
23,5,23,0,6,0.1,1,-0.2,1,0,0,1,0,0,0,0,0,0,1,0,0.1857
23,5,26,0.046,6,0.1,1,-0.4,1,0,0,1,0,0,0,0,0,0,1,0,0.5646
23,5,26,0.046,6,0.1,1,-0.3,1,0,0,1,0,0,0,0,0,0,1,0,0.3896
30,2,29,0.3345,26,0.05,13,-0.6,0,0,1,0,0,0,0,1,0,0,0,0,0.7734
22,4,22,0,6,0.0036,7,-0.946,1,0,0,1,0,0,0,0,0,1,0,0,0.663
29,1,26,0.0347,26,0.1,14,-0.3,1,0,1,0,0,1,0,0,0,0,0,0,0.854
29,2,30,0.0347,26,0.1,14,-0.3,1,0,1,0,0,1,0,0,0,0,0,0,0.876
29,1,47,0.0347,26,0.0072,14,-0.15,1,0,1,0,0,1,0,0,0,0,0,0,0.78
22,4,22,0,22,0.1,13,-0.5,1,0,0,0,1,0,0,0,0,0,1,0,0.7971
22,4,27,0.0135,6,0.1,7.4,-0.72,0,0,0,1,0,0,0,0,0,0,0,1,0.729
22,4,27,0.0135,6,0.2,7.4,-0.72,0,0,0,1,0,0,0,0,0,0,0,1,0.779
22,4,27,0.0135,6,0.6,7.4,-0.72,0,0,0,1,0,0,0,0,0,0,0,1,0.748
26,3,26,0,6,0.1,14,-0.45,1,0,0,1,0,0,0,0,0,0,0,1,0.95
26,3,26,0,6,0.1,14,-0.5,1,0,0,1,0,0,0,0,0,0,0,1,0.941
26,2.67,26,0,6,0.1,13,-0.5,1,1,0,0,0,1,0,0,0,0,0,0,0.8855
26,2.67,26,0,26,0.1,13,-0.7,1,0,0,0,1,1,0,0,0,0,0,0,0.8561
26,3,26,0,6,0.1,14,-0.3,1,0,0,1,0,0,0,0,0,0,0,1,0.8397
26,2.67,29,0.112,6,0.1,13,-0.6,1,0,0,1,0,0,0,0,0,0,0,1,0.787
27,2.67,27,0,6,0.025,7,-1,1,0,0,1,0,0,0,1,0,0,0,0,0.6357
27,2.67,27,0,6,0.05,7,-1,1,0,0,1,0,0,0,1,0,0,0,0,0.6948
27,2.67,27,0,27,0.1,7,-0.8,1,1,0,0,0,0,0,0,0,1,0,0,0.9997
27,2.67,47,0.015,6,0.1008,7,-1.05,0,0,0,1,0,0,0,1,0,0,0,0,0.8919
27,2.67,47,0.015,6,0.0048,7,-0.65,0,0,0,1,0,0,0,1,0,0,0,0,0.9605
27,2.67,29,0.073,6,0.05,14,-0.3,1,0,0,1,0,0,1,0,0,0,0,0,0.8176
27,2.67,26,0.0645,6,0.1,13,-0.3,1,1,0,0,0,0,0,1,0,0,0,0,0.8579
29,1,29,0,29,0.1,14,-0.1,1,0,1,0,0,0,0,1,0,0,0,0,0.446
29,1,29,0,29,0.1,14,0,1,1,0,0,0,0,0,1,0,0,0,0,0.7458
29,1,29,0,29,0.1,14,-0.1,1,1,0,0,0,0,0,1,0,0,0,0,0.9066
29,1,29,0,29,0.1,14,-0.2,1,1,0,0,0,0,0,1,0,0,0,0,0.8876
29,2,29,0,29,0.1,14,-0.3,1,1,0,0,0,0,0,1,0,0,0,0,0.742
29,2,30,0.015,29,0.01,7,-0.7,1,0,0,0,1,0,0,0,0,0,0,1,0.956
29,1,44,0.01,29,1,7,-0.1,0,1,0,0,0,0,0,1,0,0,0,0,0.4878
29,1,44,0.01,29,1,7,-0.2,0,1,0,0,0,0,0,1,0,0,0,0,0.5065
29,1,44,0.01,29,1,7,-0.3,0,1,0,0,0,0,0,1,0,0,0,0,0.4953
23,5,26,0.046,6,0.1,1,-0.5,1,0,0,1,0,0,0,0,0,0,1,0,0.6336
23,5,26,0.046,6,0.1,14,-0.5,1,0,0,1,0,0,0,0,0,0,1,0,0.8588
23,5,26,0.046,6,0.1,1,-0.2,1,0,0,1,0,0,0,0,0,0,1,0,0.3468
30,2,29,0.3345,29,0.05,13,-0.6,0,1,0,0,0,0,0,1,0,0,0,0,0.8914
26,2.67,26,0,6,0.1,13,-0.5,1,0,0,1,0,1,0,0,0,0,0,0,0.912
29,1,30,0.0347,26,0.1,14,-0.3,1,0,1,0,0,1,0,0,0,0,0,0,0.893
29,1,28,0.0347,26,0.0072,14,0,1,0,1,0,0,1,0,0,0,0,0,0,0.629
29,2,26,0.0347,26,0.0072,14,-0.15,1,0,1,0,0,1,0,0,0,0,0,0,0.74
22,4,22,0,6,0.4,7.4,-0.72,1,0,0,1,0,0,0,0,0,0,0,1,0.627
22,4,22,0,22,0.1,13,-0.3,1,0,0,0,1,0,0,0,0,0,1,0,0.813
22,4,22,0,6,0.0072,7,-1.2,1,0,0,1,0,1,0,0,0,0,0,0,0.3913
22,4,29,0.029,6,0.4,7.4,-0.52,0,0,0,1,0,0,0,0,0,0,0,1,0.375
26,3,26,0,6,0.1,14,-0.35,1,0,0,1,0,0,0,0,0,0,0,1,0.8918
26,3,26,0,6,0.1,14,-0.4,1,0,0,1,0,0,0,0,0,0,0,1,0.943
26,2.67,26,0,6,0.1,13,-0.4,1,1,0,0,0,1,0,0,0,0,0,0,0.916
26,2.67,26,0,6,0.1,13,-0.2,1,1,0,0,0,1,0,0,0,0,0,0,0.7522
26,2.67,26,0,6,0.1,13,-0.3,1,1,0,0,0,1,0,0,0,0,0,0,0.8221
26,2.67,29,0.03,6,0.1,13,-0.6,1,0,0,1,0,0,0,0,0,0,0,1,0.9324
27,2.67,27,0,6,1,14,-0.5,1,0,0,1,0,0,1,0,0,0,0,0,0.9944
27,2.67,27,0,27,0.1,7,-1,1,1,0,0,0,0,0,0,0,1,0,0,0.9223
27,2.67,47,0.015,6,0.036,7,-0.65,0,0,0,1,0,0,0,1,0,0,0,0,0.9131
27,2.67,47,0.015,6,0.072,7,-0.65,0,0,0,1,0,0,0,1,0,0,0,0,0.9392
27,2.67,47,0.015,6,0.1008,7,-0.65,0,0,0,1,0,0,0,1,0,0,0,0,0.9476
27,2.67,47,0.015,6,0.144,7,-0.65,0,0,0,1,0,0,0,1,0,0,0,0,0.8915
27,2.67,29,0.073,6,1,14,0,1,0,0,1,0,0,1,0,0,0,0,0,0.2846
29,1,29,0,29,0.1,14,-0.3,1,1,0,0,0,0,0,1,0,0,0,0,0.8685
29,1,29,0,29,0.1,14,-0.4,1,1,0,0,0,0,0,1,0,0,0,0,0.81
29,1,29,0,29,1,7,0,1,1,0,0,0,0,0,1,0,0,0,0,0.2748
29,2,29,0,29,0.1,14,-0.4,1,1,0,0,0,0,0,1,0,0,0,0,0.801
29,2,30,0.015,29,0.01,7,-0.6,1,0,0,0,1,0,0,0,0,0,0,1,0.8858
29,2,30,0.015,29,0.01,7,-0.5,1,0,0,0,1,0,0,0,0,0,0,1,0.8063
29,1,44,0.01,29,1,12,0,0,1,0,0,0,0,0,1,0,0,0,0,0.2624
29,1,44,0.01,29,1,12,-0.1,0,1,0,0,0,0,0,1,0,0,0,0,0.5277
29,1,44,0.01,29,1,12,-0.2,0,1,0,0,0,0,0,1,0,0,0,0,0.5969
30,2,29,0.3345,28,0.05,13,-0.6,0,1,0,0,0,0,0,1,0,0,0,0,0.7576
30,2,29,0.3345,26,0.1,13,-0.8,0,0,1,0,0,0,0,1,0,0,0,0,0.1421
23,5,26,0.046,6,0.1,14,-0.8,1,0,0,1,0,0,0,0,0,0,1,0,0.8812
23,5,26,0.046,6,0.1,14,-0.6,1,0,0,1,0,0,0,0,0,0,1,0,0.9125
22,4,22,0,22,0.1,7.4,-0.7,1,0,0,0,1,0,0,0,0,0,1,0,0.637
29,1,28,0.0347,26,0.0072,14,-0.1,1,0,1,0,0,1,0,0,0,0,0,0,0.814
29,1,28,0.0347,26,0.0072,14,-0.15,1,0,1,0,0,1,0,0,0,0,0,0,0.882
29,1,26,0.0347,26,0.0072,14,-0.15,1,0,1,0,0,1,0,0,0,0,0,0,0.7
